match_id,home_team,away_team,t1_t1_entropy,t2_t2_entropy,t1_t2_entropy,t2_t1_entropy,total_entropy,team1_entropy_segment,team2_entropy_segment,SEI
15946,Barcelona,Deportivo Alavés,6.884967819,1.652268639,1.23209417,1.135241485,10.90457211,0.622501742,0.160402564,0.462099178
15956,Real Valladolid,Barcelona,3.469568065,4.994467446,0.831541485,1.223272741,10.51884974,0.367083799,0.437570296,-0.070486497
15973,Barcelona,Huesca,6.008892781,2.535021735,0.959981506,1.002560099,10.50645612,0.575976457,0.237229672,0.338746785
15978,Real Sociedad,Barcelona,2.768962944,5.638493124,1.154646781,1.067251823,10.62935467,0.252279472,0.538686332,-0.28640686
15986,Barcelona,Girona,5.822327528,2.798942178,1.165968511,1.036201392,10.82343961,0.525947445,0.270589517,0.255357928
15998,Leganés,Barcelona,2.303899504,6.008392336,1.281994991,1.140531757,10.73481859,0.201441343,0.572888635,-0.371447292
16010,Barcelona,Athletic Club,5.31503915,2.315134101,1.679490276,1.527142662,10.83680619,0.476403421,0.227694551,0.24870887
16023,Valencia,Barcelona,2.634027345,6.649848575,0.630034879,0.947911788,10.86182259,0.271768778,0.582956646,-0.311187868
16029,Barcelona,Sevilla,4.283522327,3.882238014,1.094294703,1.075972538,10.33602758,0.412653713,0.377375171,0.035278542
16056,Barcelona,Real Betis,4.27702016,3.726548297,1.188926286,1.21448087,10.40697561,0.413431808,0.35562625,0.057805558
16073,Atlético Madrid,Barcelona,2.735659554,5.449713828,1.201388899,1.092458489,10.47922077,0.250660732,0.530444425,-0.279783694
16079,Barcelona,Villarreal,5.202365759,3.318820588,1.124697302,1.092234962,10.73811861,0.481453372,0.312092188,0.169361185
16086,Espanyol,Barcelona,3.881256088,4.569089524,0.860184133,1.070589362,10.38111911,0.394144531,0.419866514,-0.025721984
16095,Levante,Barcelona,3.86969217,4.375721965,1.128806659,0.939372687,10.31359348,0.356835685,0.442634853,-0.085799168
16109,Barcelona,Celta Vigo,4.333434354,4.194636548,1.147046608,0.969024937,10.64414245,0.390394313,0.410804181,-0.020409867
16120,Getafe,Barcelona,2.342435498,5.981892035,1.012880912,1.064807107,10.40201555,0.230182476,0.57007854,-0.339896064
16131,Barcelona,Eibar,4.532618396,3.711122439,1.511411958,1.195949651,10.95110244,0.385089639,0.367687616,0.017402024
16136,Barcelona,Leganés,5.913130237,2.245630743,1.47085003,1.460645321,11.09025633,0.532262317,0.203406971,0.328855345
16149,Girona,Barcelona,3.290979461,4.868041474,1.149696651,1.040556248,10.34927383,0.307445634,0.48092088,-0.173475246
16157,Barcelona,Valencia,5.862838915,3.028568749,1.198640211,0.883261044,10.97330892,0.505541199,0.304734692,0.200806507
16173,Athletic Club,Barcelona,3.177882085,5.305704391,1.045501834,1.111714032,10.64080234,0.304873089,0.492396346,-0.187523257
16182,Barcelona,Real Valladolid,5.111610934,3.274113342,1.259533215,1.293071763,10.93832925,0.470378004,0.296258662,0.174119342
16190,Sevilla,Barcelona,3.51151368,4.897418559,0.987254519,0.973468914,10.36965567,0.337304168,0.473613042,-0.136308874
16196,Real Madrid,Barcelona,4.153358399,4.058060674,1.184258029,1.234538511,10.63021561,0.395442485,0.377017771,0.018424714
16205,Barcelona,Rayo Vallecano,5.521583341,2.913283084,1.186993192,1.198549685,10.8204093,0.511361417,0.268171611,0.243189806
16215,Real Betis,Barcelona,4.699249017,3.934395851,1.087614781,0.984775386,10.70603504,0.429328842,0.377099013,0.052229829
16231,Barcelona,Espanyol,5.562209854,2.467833393,1.525391422,1.322711734,10.8781464,0.492687813,0.245493394,0.24719442
16240,Villarreal,Barcelona,3.062297575,5.480951312,0.963146052,1.069517005,10.57591194,0.299611849,0.508190725,-0.208578876
16248,Barcelona,Atlético Madrid,5.410970842,3.081030773,1.284035264,1.184560238,10.96059712,0.484599129,0.290176326,0.194422803
16265,Barcelona,Real Sociedad,4.333149418,4.298299312,1.08890166,1.178839089,10.89918948,0.405817961,0.386116958,0.019701003
16275,Deportivo Alavés,Barcelona,2.092189719,6.115939417,0.897295617,1.230705173,10.33612993,0.234671903,0.559448256,-0.324776353
16289,Barcelona,Levante,4.98560831,2.857130606,1.553662692,1.492499907,10.88890152,0.452244473,0.268006225,0.184238248
16306,Barcelona,Getafe,6.317606509,2.143705607,1.459194305,1.173988467,11.09449489,0.543729186,0.21892943,0.324799755
16317,Eibar,Barcelona,3.80856926,4.721077454,0.795977321,1.112214228,10.43783826,0.395178203,0.422006975,-0.026828772
18235,Bayern Munich,Inter Milan,5.230896469,2.719666372,1.166334818,1.23979736,10.35669502,0.512167154,0.25550659,0.256660564
18236,Barcelona,Manchester United,5.796856014,2.512666787,1.593440941,1.312557291,11.21552103,0.491815971,0.249078971,0.242737
18237,Bayern Munich,Chelsea,4.709790208,3.087011708,1.448329422,1.352421133,10.59755247,0.435372406,0.300344821,0.135027586
18240,Borussia Dortmund,Bayern Munich,3.307115739,4.614783683,1.295349432,1.2085151,10.42576395,0.30887726,0.450961487,-0.142084227
18241,Real Madrid,Atlético Madrid,4.695078851,2.863646309,1.806704306,1.640354325,11.00578379,0.411486265,0.275309451,0.136176815
18242,Juventus,Barcelona,3.250950853,5.011388838,0.975126031,0.990611629,10.22807735,0.319359772,0.488449888,-0.169090116
18243,Real Madrid,Atlético Madrid,4.140350057,3.990637111,1.308083274,1.252874233,10.69194467,0.38207652,0.378401336,0.003675184
18244,Juventus,Real Madrid,3.446038258,4.912324418,0.966997761,0.932562661,10.2579231,0.332582251,0.482237922,-0.14965567
18245,Real Madrid,Liverpool,5.144975744,3.108396202,1.086484859,1.28206915,10.62192595,0.502786412,0.274226343,0.228560068
22536,North Carolina Courage,Orlando Pride,4.426332171,3.078051082,1.425105691,1.492509972,10.42199892,0.431177981,0.288874219,0.142303762
22912,Tottenham Hotspur,Liverpool,5.101512176,3.067933634,1.020270016,1.175972654,10.36568848,0.507174687,0.280949114,0.226225573
2302764,AC Milan,Liverpool,4.30094668,3.615865603,1.457878764,1.547810901,10.92250195,0.402003024,0.322813718,0.079189306
265830,Atlético Madrid,Barcelona,2.729209041,5.009848737,1.479891689,1.493738514,10.71268798,0.256056731,0.466363057,-0.210306325
265835,Barcelona,Sevilla,5.606230251,2.533667498,1.469659718,1.530594654,11.14015212,0.508715242,0.221965781,0.286749462
265837,Real Sociedad,Barcelona,3.049786609,4.849229399,1.175839771,1.485952785,10.56080856,0.318147953,0.429807657,-0.111659704
265839,Barcelona,Sevilla,5.259906086,2.928902886,1.318102168,1.279814599,10.78672574,0.484078176,0.275077955,0.209000221
265857,Real Madrid,Barcelona,2.776318979,5.29080559,1.06852851,1.225144116,10.3607972,0.283080011,0.495540052,-0.212460041
265866,Córdoba CF,Barcelona,1.928458407,6.005938705,1.240943896,1.293358545,10.46869955,0.189218636,0.568697576,-0.379478939
265894,Málaga,Barcelona,3.075846105,4.854842312,1.156586967,1.15674253,10.24401791,0.300272968,0.473904555,-0.173631586
265896,Barcelona,Eibar,6.051986057,1.933884691,1.525569738,1.35834789,10.86978838,0.541387192,0.193297833,0.348089359
265905,Orlando Pride,Chicago Red Stars,3.44596417,4.306130402,1.372199276,1.287641924,10.41193577,0.322841678,0.421697545,-0.098855867
265918,Barcelona,Rayo Vallecano,4.897790553,3.294741851,1.338565555,1.338246232,10.86934419,0.450576515,0.303151792,0.147424723
265944,Barcelona,Sporting Gijón,5.798211734,2.256338575,1.352356939,1.278966295,10.68587354,0.535737305,0.218019539,0.317717766
265952,Barcelona,Sporting Gijón,6.271304293,2.208118049,1.018728256,1.096314163,10.59446476,0.599264837,0.20109861,0.398166227
265958,Barcelona,Espanyol,5.334011761,2.511008354,1.361999655,1.405210099,10.61222987,0.506700502,0.232542825,0.274157678
265963,Barcelona,Getafe,5.901172134,2.384974919,1.34682284,1.35621585,10.98918574,0.537852875,0.216174516,0.321678359
266015,Real Valladolid,Barcelona,2.88291693,5.514901072,0.919658612,1.235163646,10.55264026,0.303092106,0.492710441,-0.189618335
266033,Valencia,Barcelona,2.491000253,5.346526691,1.194788279,1.450541905,10.48285713,0.262023401,0.485628393,-0.223604992
266045,Barcelona,Real Sociedad,5.132972361,2.665647571,1.429028875,1.427006997,10.6546558,0.481568863,0.250375939,0.231192924
266056,Eibar,Barcelona,2.891043529,5.555044475,1.234246698,0.981118894,10.6614536,0.247425522,0.5447824,-0.297356878
266066,Barcelona,Almería,6.237345825,2.110120833,1.207602697,1.280877796,10.83594715,0.582378341,0.187971176,0.394407164
266074,Barcelona,Osasuna,5.862411925,2.533951028,1.526760354,1.071236476,10.99435978,0.49178744,0.271909867,0.219877573
266106,Villarreal,Barcelona,3.058257486,5.351381891,1.027201589,0.950606194,10.38744716,0.287044742,0.522551615,-0.235506873
266117,Barcelona,Granada,5.308322472,2.651268843,1.280895182,1.431463593,10.67195009,0.511517655,0.2343246,0.277193055
266142,Sevilla,Barcelona,2.791672867,5.492810068,1.292398906,0.938852355,10.5157342,0.231855073,0.555962761,-0.324107688
266148,Barcelona,Málaga,4.852724206,2.426244777,1.967643958,1.883756288,11.13036923,0.428452681,0.22552104,0.202931641
266149,Barcelona,Athletic Club,6.319446535,2.191564987,1.114435903,1.102020665,10.72746809,0.587932888,0.205452042,0.382480846
266160,Levante,Barcelona,2.942836782,4.849693873,1.521545171,1.421094808,10.73517063,0.264773287,0.46111463,-0.196341343
266166,Atlético Madrid,Barcelona,2.698886791,5.504161156,1.053689377,1.08189373,10.33863105,0.263776812,0.529659756,-0.265882944
266191,Real Sociedad,Barcelona,4.150326242,3.310820833,1.230304565,1.629456652,10.32090829,0.440802127,0.282113615,0.158688512
266201,Elche,Barcelona,2.442671925,5.154353495,0.965033616,1.298369956,9.860428991,0.281530171,0.488925701,-0.207395529
266230,RC Deportivo La Coruña,Barcelona,2.727403141,5.32539856,1.162879668,1.310923333,10.5266047,0.273159949,0.491835216,-0.218675267
266234,Portland Thorns,Seattle Reign,4.146899757,3.323311215,1.609514883,1.437944806,10.51767066,0.377966739,0.332286626,0.045680113
266236,Athletic Club,Barcelona,2.597621265,5.185086825,1.221587901,1.258945379,10.26324137,0.25673943,0.501569549,-0.244830119
266240,Real Sociedad,Barcelona,2.298655926,5.688373639,1.153985938,1.337843663,10.47885917,0.236906863,0.525297251,-0.288390388
266254,Barcelona,Celta Vigo,4.480502979,2.590294312,1.984382146,1.913103125,10.96828256,0.401997663,0.242660901,0.159336762
266256,Barcelona,Atlético Madrid,4.374859543,2.543655586,2.173044287,1.946904528,11.03846394,0.375842128,0.250922172,0.124919957
266273,Deportivo Alavés,Barcelona,2.628245299,5.665015751,0.914290071,1.088229027,10.29578015,0.27216823,0.533332755,-0.261164526
266274,Barcelona,Celta Vigo,5.244080099,2.867107384,1.513242485,1.367926988,10.99235696,0.463846346,0.274047039,0.189799306
266280,Barcelona,Sevilla,4.65119794,3.476822163,1.468638013,1.464164453,11.06082257,0.420106583,0.314741124,0.10536546
266299,Barcelona,Celta Vigo,5.312827381,2.953471424,1.341776954,1.395090243,11.003166,0.487690604,0.263574878,0.224115726
266310,RC Deportivo La Coruña,Barcelona,3.381784835,5.264167291,0.971867465,0.815267276,10.43308687,0.309130432,0.519574652,-0.210444221
266320,Barcelona,Espanyol,6.460594106,1.83938224,1.438685227,1.573113579,11.31177515,0.583022768,0.150723813,0.432298954
266357,Osasuna,Barcelona,1.702642422,6.652468419,1.21324805,0.823611863,10.39197075,0.126348146,0.677648617,-0.551300471
266406,Villarreal,Barcelona,2.268499838,5.839807127,1.039810013,1.203144153,10.35126113,0.234931179,0.548384677,-0.313453498
266420,Almería,Barcelona,2.610881979,5.760403231,1.163579299,1.128750986,10.6636155,0.241574133,0.543458412,-0.301884279
266424,Real Madrid,Barcelona,3.575221867,5.080702936,0.977875117,0.831708247,10.46550817,0.327652986,0.499437746,-0.17178476
266433,Barcelona,Espanyol,6.138518505,1.854927797,1.543718856,1.716784774,11.25394993,0.560832815,0.149446362,0.411386453
266440,Barcelona,Valencia,5.878573782,2.072821732,1.347356951,1.316679925,10.61543239,0.550886346,0.198154788,0.352731557
266462,Osasuna,Barcelona,2.202582912,6.010286047,1.125693721,1.050771011,10.38933369,0.204792749,0.585716942,-0.380924193
266466,Washington Spirit,North Carolina Courage,3.711894713,3.610400331,1.511780302,1.638980357,10.4730557,0.366568734,0.332586818,0.033981915
266467,Celta Vigo,Barcelona,3.262448936,3.869562292,1.423997937,1.467675611,10.02368478,0.329831463,0.381684451,-0.051852988
266477,Villarreal,Barcelona,2.456227165,5.425118886,1.180187564,1.094015612,10.15554923,0.233375385,0.54268762,-0.309312235
266490,Barcelona,Levante,5.508906494,2.64981485,1.332991181,1.176123044,10.66783557,0.501698618,0.263097699,0.238600919
266491,Barcelona,Getafe,5.33612882,2.005730825,2.184908605,1.930928889,11.45769714,0.44355764,0.197222052,0.246335588
266498,Barcelona,Getafe,5.257130469,2.551153074,1.543735164,1.478524453,10.83054316,0.479377597,0.241572721,0.237804876
266516,Real Betis,Barcelona,2.823319829,4.337810882,1.396310314,1.60406261,10.16150363,0.298289725,0.406441678,-0.108151953
266525,Barcelona,Valencia,4.911174719,2.757398493,1.688813956,1.5856231,10.94301027,0.439365745,0.261407901,0.177957844
266528,Barcelona,Espanyol,5.04659535,2.499333406,1.78384895,1.529554025,10.85933173,0.441307121,0.25357254,0.187734581
266531,Espanyol,Barcelona,2.504030318,5.52050425,1.161010113,1.176514577,10.36205926,0.243150007,0.531265036,-0.288115029
266557,Barcelona,Valencia,5.537824775,2.368629884,1.632660475,1.442299553,10.98141469,0.486955825,0.233029248,0.253926577
266560,Valencia,Barcelona,2.672018547,5.510802592,1.222568107,1.303431599,10.70882084,0.257066775,0.507052941,-0.249986166
266574,Utah Royals,Seattle Reign,3.844952762,3.961945386,1.329069983,1.235309571,10.3712777,0.361690474,0.391051702,-0.029361228
266603,Real Valladolid,Barcelona,2.311899173,5.364239981,1.257426388,1.39340184,10.32696738,0.237037122,0.506272978,-0.269235856
266613,Barcelona,Valencia,5.492905493,2.957109327,1.482460651,1.119452855,11.05192833,0.464163135,0.300410664,0.163752471
266620,Barcelona,Granada,5.243303091,2.823387313,1.433413663,1.382270261,10.88237433,0.477116439,0.264145547,0.212970893
266631,Atlético Madrid,Barcelona,1.983721042,5.439804185,1.151442064,1.416463103,9.991430394,0.225067082,0.517922153,-0.292855072
266653,Rayo Vallecano,Barcelona,2.856041788,4.940788257,1.204570022,1.166610988,10.16801105,0.277151818,0.4896481,-0.212496281
266664,Real Sociedad,Barcelona,2.21880541,5.528784381,1.429664916,1.339707832,10.51696254,0.202420454,0.534255156,-0.331834703
266669,Barcelona,Deportivo Alavés,5.593236455,2.151341519,1.602830189,1.574149906,10.92155807,0.509502045,0.199607216,0.309894829
266670,Espanyol,Barcelona,2.063898965,5.202409863,1.246349831,1.424008365,9.936667023,0.225584443,0.505677741,-0.280093297
266724,Mallorca,Barcelona,2.2622367,6.596617322,0.9899185,1.070539156,10.91931168,0.214560901,0.596740606,-0.382179704
266731,Eibar,Barcelona,3.345647118,4.674696499,1.113016617,1.105783383,10.23914362,0.326044248,0.457257941,-0.131213693
266741,Barcelona,Levante,6.316206487,2.170029258,1.063974763,1.055583888,10.6057944,0.594751829,0.205399054,0.389352775
266770,Levante,Barcelona,2.494939802,5.876709827,1.019429501,0.912071337,10.30315047,0.231733162,0.580799825,-0.349066663
266794,Elche,Barcelona,2.504709639,5.679201529,1.15252677,1.080836225,10.41727416,0.233556212,0.552053444,-0.318497231
266815,Sporting Gijón,Barcelona,2.065675022,6.079113151,1.192954817,1.245685256,10.58342825,0.2001625,0.569416882,-0.369254381
266827,Málaga,Barcelona,3.148944637,5.401971694,1.190193046,1.02407837,10.76518775,0.277081091,0.517230772,-0.240149681
266838,Málaga,Barcelona,2.385910683,5.013107188,1.310666048,1.405083412,10.11476733,0.245218497,0.486287985,-0.241069487
266846,Barcelona,Córdoba CF,6.026713195,2.351851647,1.48069445,1.249768536,11.10902783,0.521718675,0.232493572,0.289225103
266871,Athletic Club,Barcelona,2.553930776,5.689126402,0.990023828,0.994458794,10.2275398,0.250144785,0.555821981,-0.305677197
266874,Barcelona,Athletic Club,4.45078062,3.439456486,1.629033937,1.356455112,10.87572615,0.384176811,0.34131379,0.042863021
266883,Real Betis,Barcelona,3.474620329,4.193184089,1.487090156,1.397878558,10.55277313,0.320807497,0.405807614,-0.085000117
266885,Barcelona,Real Sociedad,4.352148839,3.411924692,1.56367655,1.628306476,10.95605656,0.403135813,0.305520033,0.097615779
266892,Athletic Club,Barcelona,2.871230298,5.021746823,0.977233485,1.256976929,10.12718754,0.31114006,0.468244847,-0.157104787
266916,Barcelona,Rayo Vallecano,4.483774345,3.32747869,1.435836498,1.396267015,10.64335655,0.417556702,0.316352098,0.101204604
266921,Barcelona,Elche,5.925986409,2.483490269,1.389076177,1.292678419,11.09123127,0.52560338,0.232606098,0.292997283
266929,Celta Vigo,Barcelona,2.981911504,4.2956817,1.535771575,1.354708696,10.16807347,0.275455191,0.44027461,-0.164819418
266933,Houston Dash,Portland Thorns,4.207862397,3.517140811,1.456325173,1.189897447,10.37122583,0.380035565,0.364814015,0.01522155
266952,Barcelona,Villarreal,5.298428805,2.678189848,1.585245688,1.313722125,10.87558647,0.462219234,0.271223388,0.190995846
266961,Barcelona,RC Deportivo La Coruña,5.357027512,2.735579373,1.529655182,1.52491665,11.14717872,0.480147409,0.245830624,0.234316785
266967,Eibar,Barcelona,2.678970231,5.074063193,1.195104514,1.218632512,10.16677045,0.265816784,0.496768883,-0.230952098
266986,Real Betis,Barcelona,2.203249712,6.004327634,1.08569221,1.184604531,10.47787409,0.21971652,0.563608158,-0.343891638
266989,Sevilla,Barcelona,3.757129282,3.896198553,1.422507601,1.183301656,10.25913709,0.342906358,0.403094769,-0.060188411
267039,Las Palmas,Barcelona,3.709756759,5.09435063,0.867381988,1.114247134,10.78573651,0.366838361,0.449434814,-0.082596453
267058,Barcelona,Granada,6.08209233,2.299560699,1.309168532,1.108491931,10.79931349,0.544610149,0.23151817,0.313091979
267076,Barcelona,Real Madrid,4.055902076,3.843051327,1.500232586,1.33344034,10.73262633,0.362363294,0.37361252,-0.011249226
267077,Espanyol,Barcelona,2.645463473,5.037082888,1.031326815,1.268502256,9.982375431,0.288772841,0.480838201,-0.19206536
267085,Real Madrid,Barcelona,3.724043739,4.403103585,1.169158239,1.148165803,10.44447137,0.354546551,0.42358257,-0.069036018
267101,Barcelona,Osasuna,6.370536353,1.962445228,1.407747764,1.347494672,11.08822402,0.569097743,0.182418602,0.386679141
267138,Granada,Barcelona,1.47457025,5.808606455,0.999826497,1.297308632,9.580311833,0.184968132,0.575255213,-0.39028708
267161,Chicago Red Stars,Sky Blue FC,4.599177055,3.047136961,1.361321495,1.394768291,10.4024038,0.445341667,0.289710938,0.155630729
267183,Barcelona,Real Madrid,4.155248458,3.715967307,1.347416411,1.382574204,10.60120638,0.395276358,0.347206665,0.048069693
267192,Celta Vigo,Barcelona,3.256086613,4.957849563,1.208376182,1.141651229,10.56396359,0.301909566,0.475633457,-0.173723891
267197,Barcelona,RC Deportivo La Coruña,6.38103122,2.126586585,1.436553172,1.479794031,11.42396501,0.562350469,0.182366256,0.379984213
267212,Leganés,Barcelona,2.868856964,4.09549274,1.493849757,1.521507448,9.979706909,0.290240453,0.407610673,-0.11737022
267220,Barcelona,Atlético Madrid,5.378812888,2.646197825,1.67874616,1.252809256,10.95656613,0.452046373,0.280392113,0.17165426
267273,Las Palmas,Barcelona,4.250290218,4.348712822,1.029695424,1.176615513,10.80531398,0.406948869,0.388863548,0.018085321
267274,Valencia,Barcelona,2.428942502,5.374459895,0.990979528,1.64961984,10.44400176,0.295632161,0.451533779,-0.155901618
267301,Barcelona,Celta Vigo,4.978170989,2.408396589,1.680494557,1.794277108,10.86133924,0.46881452,0.211264374,0.257550145
267327,Barcelona,Real Betis,4.747933904,3.154435533,1.497219445,1.259690645,10.65927953,0.423143524,0.318217036,0.104926489
267343,Granada,Barcelona,2.501528398,4.4526762,1.309736092,1.591954509,9.8558952,0.282444847,0.423143479,-0.140698632
267368,Barcelona,Real Betis,4.447706352,2.906743162,1.670546739,1.621331894,10.64632815,0.41314634,0.277650469,0.135495871
267373,Barcelona,Real Sociedad,4.156134657,3.969379363,1.307565812,1.205889189,10.63896902,0.381095013,0.382655122,-0.001560109
267395,Barcelona,Las Palmas,4.961876598,3.036102935,1.285864129,1.389601503,10.67344516,0.474599709,0.274734682,0.199865027
267400,Barcelona,Almería,5.928554319,2.286332819,1.377992094,1.131262322,10.72414155,0.529816258,0.236201898,0.29361436
267405,Chicago Red Stars,Seattle Reign,3.574204808,4.332311512,1.37625386,1.168258622,10.4510288,0.322093608,0.434436345,-0.112342737
267422,Barcelona,Málaga,5.784933967,1.854259327,1.644891042,1.594393603,10.87847794,0.527135925,0.175094051,0.352041874
267432,Barcelona,Eibar,5.280024947,2.179568954,1.878865618,1.526596605,10.86505612,0.453541692,0.233025761,0.220515931
267464,Atlético Madrid,Barcelona,2.938964954,4.658587569,1.11081608,1.266237682,9.974606285,0.310226436,0.451463029,-0.141236593
267492,Barcelona,RC Deportivo La Coruña,5.65708366,2.188588964,1.53770399,1.449663788,10.8330404,0.514079451,0.210156067,0.303923384
267499,Almería,Barcelona,2.344119179,5.398795606,1.194289333,1.073872387,10.0110765,0.222124187,0.551310596,-0.329186408
267502,Athletic Club,Barcelona,2.96157438,4.348252739,1.310913472,1.575836955,10.19657755,0.316429493,0.400460766,-0.084031273
267506,Granada,Barcelona,2.744230961,4.916228686,1.347399157,1.214899062,10.22275786,0.255482024,0.493871502,-0.238389478
267520,Barcelona,Real Sociedad,5.911769008,2.471164673,1.38661752,1.205023492,10.97457469,0.522131849,0.241718588,0.280413261
267533,Barcelona,Real Madrid,5.346318393,3.104063414,1.244586798,1.102554715,10.79752332,0.481988893,0.30063334,0.181355553
267561,Rayo Vallecano,Barcelona,3.190862221,4.711521821,1.276956948,1.137066066,10.31640706,0.29573972,0.470261853,-0.174522133
267567,Barcelona,Athletic Club,4.487623127,3.071053316,1.707207919,1.629243794,10.89512816,0.404736772,0.289029867,0.115706905
267569,Real Madrid,Barcelona,3.868954281,4.486715181,0.86424107,1.025646758,10.24555729,0.393376354,0.422164395,-0.028788041
267576,Barcelona,Atlético Madrid,5.182290337,2.550894658,1.61301415,1.458272462,10.80447161,0.465321103,0.250418201,0.214902902
267590,Málaga,Barcelona,2.794330762,5.203602682,1.269841434,1.046840558,10.31461544,0.249289942,0.52610818,-0.276818238
267596,Barcelona,Leganés,5.344762029,2.662932363,1.508141969,1.447054873,10.96289123,0.481959989,0.248476374,0.233483615
267597,Barcelona,Villarreal,5.741112387,2.594811919,1.343872956,1.283564121,10.96336138,0.518162574,0.242181267,0.275981306
267609,North Carolina Courage,Houston Dash,3.836587298,3.781880625,1.517360718,1.675049535,10.81087818,0.369468238,0.335235653,0.034232585
267611,Barcelona,Las Palmas,5.026888193,2.708967515,1.359963957,1.44434494,10.5401646,0.484932576,0.249008116,0.23592446
267660,RC Deportivo La Coruña,Barcelona,2.888756671,5.563432271,0.824986749,1.083654155,10.36082985,0.30378108,0.512001929,-0.208220849
267670,Barcelona,Real Betis,6.013106131,2.038278455,1.348801372,1.301417717,10.70160367,0.557460607,0.194892483,0.362568124
267675,Sevilla,Barcelona,3.207128812,5.045154007,1.045654829,0.962861861,10.26079951,0.304492437,0.499760956,-0.19526852
267679,Orlando Pride,Washington Spirit,3.710219547,4.65825456,0.882336619,1.00378391,10.25459464,0.373653662,0.442417027,-0.068763365
303377,Barcelona,Getafe,5.950867455,2.142364874,1.454026171,1.317739624,10.86499812,0.535166306,0.209724051,0.325442255
303400,Valencia,Barcelona,2.77089967,6.38922709,0.654142542,0.97625183,10.79052113,0.286641296,0.56226365,-0.275622355
303421,Deportivo Alavés,Barcelona,2.986771481,5.791476077,1.001853145,0.860230977,10.64033168,0.267392916,0.557604633,-0.290211718
303430,Barcelona,Villarreal,4.904345337,3.891757844,1.082848936,1.052936562,10.93188868,0.4458912,0.35873675,0.08715445
303451,Barcelona,Mallorca,5.467484007,3.049052866,1.165098424,1.207718114,10.88935341,0.506008345,0.276089228,0.229919117
303470,Real Madrid,Barcelona,3.857487615,4.71724831,0.990235605,1.328538423,10.89350995,0.385164236,0.401977463,-0.016813227
303473,Barcelona,Sevilla,4.453745507,3.627457288,1.34813198,1.350212675,10.77954745,0.413359301,0.336319925,0.077039376
303479,Barcelona,Real Sociedad,4.58813913,3.909027165,1.160288103,1.130558079,10.78801248,0.422543922,0.36510499,0.057438932
303487,Barcelona,Celta Vigo,5.519091558,3.430315907,1.166453934,1.111257363,11.22711876,0.486669385,0.310454762,0.176214624
303493,Barcelona,Athletic Club,5.885139269,2.357051528,1.448728271,1.285040133,10.9759592,0.521271173,0.22966008,0.291611093
303504,Levante,Barcelona,3.331442114,5.356867849,1.150428623,0.950407877,10.78914646,0.2902381,0.515044319,-0.224806219
303516,Celta Vigo,Barcelona,2.805717301,5.183827341,1.187893384,1.196957126,10.37439515,0.271320014,0.498801475,-0.22748146
303517,Barcelona,Deportivo Alavés,5.809929808,2.954713651,1.161155209,1.041843956,10.96764262,0.518855213,0.280281279,0.238573934
303524,Atlético Madrid,Barcelona,3.199890961,5.067109309,0.915626628,1.346613476,10.52924037,0.344837584,0.4403093,-0.095471717
303532,Barcelona,Leganés,6.346381308,2.334112991,1.317982605,1.243102903,11.24157981,0.557884364,0.214293074,0.34359129
303548,Mallorca,Barcelona,3.276518141,5.2323378,1.11316126,1.031078832,10.65309603,0.299859844,0.498861571,-0.199001728
303596,Barcelona,Real Madrid,4.356245879,4.309114602,1.018073809,1.111737466,10.79517176,0.412212944,0.390494106,0.021718838
303600,Barcelona,Real Valladolid,5.082026174,3.049086202,1.374555203,1.522128321,11.0277959,0.474219811,0.263109066,0.211110745
303610,Barcelona,Granada,6.996183218,1.883940297,1.173591151,1.130056423,11.18377109,0.621672997,0.172345715,0.449327282
303615,Barcelona,Espanyol,5.869993449,2.655740755,1.209587641,1.043588984,10.77891083,0.529180998,0.261783352,0.267397646
303634,Barcelona,Osasuna,6.170133745,1.924689285,1.546939239,1.336846471,10.97860874,0.542877619,0.194449233,0.348428386
303652,Espanyol,Barcelona,2.565779392,5.329811334,1.078468876,1.357542733,10.33160233,0.275354505,0.488862939,-0.213508434
303664,Real Sociedad,Barcelona,4.80366401,3.695701877,1.048237755,0.947779332,10.49538297,0.448121388,0.361698121,0.086423267
303666,Granada,Barcelona,2.5469008,5.553317666,1.179076965,1.181872145,10.46116758,0.24372958,0.53058346,-0.28685388
303674,Sevilla,Barcelona,3.356368562,5.649552873,0.967732164,0.846293422,10.81994702,0.298978342,0.533365977,-0.234387635
303680,Real Valladolid,Barcelona,3.516124715,4.927622591,1.05433257,1.398661611,10.89674149,0.354275979,0.420611387,-0.066335408
303682,Barcelona,Levante,5.768636252,2.792991186,1.183137884,1.261916879,11.0066822,0.531260478,0.246596762,0.284663716
303696,Barcelona,Atlético Madrid,5.460455101,2.500611613,1.498081745,1.510732439,10.9698809,0.498921168,0.226799264,0.272121904
303700,Eibar,Barcelona,3.857400169,4.805826837,0.870372322,1.054225784,10.58782511,0.38168874,0.436536619,-0.054847878
303707,Real Betis,Barcelona,2.529752161,5.88337216,1.090954726,1.116972942,10.62105199,0.240632508,0.551485291,-0.310852783
303715,Leganés,Barcelona,2.154205101,6.00095064,1.00515664,1.049439951,10.20975233,0.215332198,0.58342917,-0.368096972
303725,Villarreal,Barcelona,3.143285604,5.963691726,0.827577589,0.749815215,10.68437013,0.286916607,0.565447848,-0.278531241
303731,Barcelona,Eibar,5.306027444,2.945156479,1.266684245,1.292093456,10.80996162,0.493196631,0.270097838,0.223098793
3749052,Wolverhampton Wanderers,Arsenal,2.882444792,4.415351314,1.481488022,1.499495214,10.27877934,0.282178641,0.427808009,-0.145629368
3749068,Tottenham Hotspur,Arsenal,3.697694944,3.599618544,1.433963862,1.661978634,10.39325598,0.377717024,0.324403034,0.05331399
3749079,Arsenal,Chelsea,3.959896482,3.635497514,1.279032057,1.341689614,10.21611567,0.393745937,0.349725872,0.044020066
3749108,Arsenal,Aston Villa,4.410723215,3.081086577,1.242696504,1.394829204,10.1293355,0.45045955,0.28915558,0.161303971
3749117,Everton,Arsenal,3.423129879,4.052612472,1.233515242,1.488071518,10.19732911,0.360651904,0.372455979,-0.011804075
3749133,Aston Villa,Arsenal,3.510675755,4.046048728,1.496036309,1.350509689,10.40327048,0.323470311,0.402909388,-0.079439078
3749153,Arsenal,Middlesbrough,4.715906565,2.579904917,1.711189722,1.754820124,10.76182133,0.442261289,0.235673353,0.206587936
3749192,Arsenal,Fulham,4.7868943,2.807423374,1.642679977,1.718270584,10.95526824,0.443849005,0.249362472,0.194486533
3749196,Arsenal,Tottenham Hotspur,4.044315113,2.715009314,1.425028285,1.934050759,10.11840347,0.450005537,0.218017284,0.231988253
3749233,Arsenal,Manchester City,4.385989863,3.155140127,1.425414747,1.316233741,10.28277848,0.415919575,0.317455164,0.098464411
3749246,Arsenal,Manchester United,3.422321888,3.456482071,1.437715849,1.609949073,9.926468881,0.362118207,0.330857719,0.031260488
3749253,Liverpool,Arsenal,3.656786241,3.559163593,1.410064873,1.789820119,10.41583483,0.38753893,0.305247577,0.082291353
3749257,Arsenal,Leicester City,5.456867174,2.498797772,1.414454979,1.202976923,10.57309685,0.496107166,0.256336991,0.239770176
3749274,Portsmouth,Arsenal,2.507520803,5.122334386,1.238032718,1.424794073,10.29268198,0.261766774,0.479522542,-0.217755768
3749276,Chelsea,Arsenal,3.75092748,3.209519583,1.763061138,1.779654348,10.50316255,0.358703455,0.303996664,0.054706791
3749278,Bolton Wanderers,Arsenal,3.663640502,3.39332739,1.479373483,1.660611145,10.19695252,0.377061495,0.315004872,0.062056623
3749296,Arsenal,Portsmouth,4.332855711,2.598808353,1.835024737,1.629008709,10.39569751,0.396975737,0.269806271,0.127169466
3749310,Southampton,Arsenal,2.667269547,4.221684651,1.293467765,1.675264672,9.857686636,0.309308519,0.38953234,-0.080223821
3749346,Leeds United,Arsenal,3.740990243,3.445402082,1.536936232,1.900890267,10.62421882,0.386376104,0.290039964,0.09633614
3749358,Middlesbrough,Arsenal,3.539494165,4.594004991,1.307735152,1.271535784,10.71277009,0.327020441,0.432213547,-0.105193106
3749360,Arsenal,Blackburn Rovers,4.175132157,3.830405095,1.367820375,1.326667456,10.70002508,0.386352294,0.361827004,0.024525291
3749403,Arsenal,Bolton Wanderers,4.201883328,2.94774543,1.885392338,1.657147341,10.69216844,0.37164008,0.297038944,0.074601135
3749431,Newcastle United,Arsenal,3.188515445,4.082330399,1.321126442,1.594392321,10.18636461,0.339844631,0.373937579,-0.034092948
3749434,Birmingham City,Arsenal,3.756935908,3.36199168,1.646413648,1.842661893,10.60800313,0.372660538,0.298429723,0.074230815
3749448,Arsenal,Liverpool,4.27771725,3.238485806,1.48179626,1.343631672,10.34163099,0.400280446,0.326510431,0.073770014
3749453,Arsenal,Leeds United,4.185711342,3.206894038,1.605543573,1.502007418,10.50015637,0.388772799,0.315274371,0.073498429
3749454,Manchester City,Arsenal,3.199101303,4.266377181,1.372963678,1.450688996,10.28913116,0.31847457,0.407094807,-0.088620237
3749462,Arsenal,Birmingham City,5.087040617,2.773428585,1.751263342,1.645554794,11.25728734,0.442498438,0.25575763,0.186740808
3749465,Blackburn Rovers,Arsenal,3.304066208,4.43894884,1.444355529,1.370897522,10.5582681,0.305978989,0.427381347,-0.121402358
3749493,Arsenal,Everton,3.972343543,3.251620661,1.482341156,1.559852729,10.26615809,0.394485949,0.309181785,0.085304163
3749522,Arsenal,Wolverhampton Wanderers,5.01466831,2.754299132,1.58818541,1.389482465,10.74663532,0.448137042,0.274783873,0.173353169
3749526,Charlton Athletic,Arsenal,3.209953279,4.200460731,1.242079527,1.694788368,10.3472819,0.353973358,0.362196751,-0.008223393
3749528,Arsenal,Newcastle United,3.851093874,3.353300782,1.681747449,1.622309904,10.50845201,0.360819684,0.32476128,0.036058403
3749552,Manchester United,Arsenal,4.087417799,3.994989563,1.299183647,1.370511257,10.75210227,0.386784399,0.364920446,0.021863953
3749590,Leicester City,Arsenal,2.786391234,4.492649302,1.483479739,1.617775757,10.38029603,0.281368397,0.419867918,-0.138499521
3749603,Fulham,Arsenal,3.715885881,3.306213027,1.480544435,1.664565312,10.16720865,0.383576937,0.307084496,0.076492441
3749631,Arsenal,Southampton,4.332571962,2.892538772,1.968863169,1.47662456,10.67059846,0.359898591,0.317205956,0.042692635
3749642,Arsenal,Charlton Athletic,4.569101819,3.034072284,1.422120876,1.392669076,10.41796405,0.435752129,0.294061687,0.141690442
3750200,AC Milan,Liverpool,3.578072527,3.440660269,1.771541544,1.5239695,10.31424384,0.32290302,0.357586302,-0.034683282
3750201,Barcelona,Manchester United,4.379141299,3.910027278,1.116973394,1.078478862,10.48462083,0.414001311,0.376601297,0.037400013
3752619,AS Monaco,FC Porto,4.099142519,3.033273652,1.552482159,1.82604813,10.51094646,0.416014724,0.262555584,0.15345914
3764440,Barcelona,Elche,5.562109911,3.218390543,1.299097858,1.109811032,11.18940934,0.480170393,0.304544884,0.17562551
3764661,Athletic Club,Barcelona,3.742402407,5.115918806,1.027465974,0.888332466,10.77411965,0.334437431,0.487747722,-0.153310291
3773369,Barcelona,Huesca,5.929325115,2.996085427,1.101606738,1.186326383,11.21334366,0.5363293,0.259634046,0.276695254
3773372,Barcelona,Atlético Madrid,4.712469835,3.419370254,1.18279723,1.338809177,10.6534465,0.456986552,0.306319491,0.150667061
3773377,Barcelona,Valencia,5.811577764,2.574480132,1.235860595,1.253317904,10.8752364,0.535991574,0.235123424,0.30086815
3773386,Deportivo Alavés,Barcelona,1.7571419,6.437023759,0.975354252,1.02702339,10.1965433,0.177394533,0.626227382,-0.448832849
3773387,Levante,Barcelona,3.532787721,4.744160558,0.985610699,1.019190342,10.28174932,0.34686387,0.458149753,-0.111285883
3773403,Barcelona,Athletic Club,4.968161431,3.688181245,1.192199124,1.269989396,11.1185312,0.45383258,0.324718338,0.129114242
3773415,Barcelona,Cádiz,6.859651754,1.651662726,1.372796473,1.14138452,11.02549547,0.601173872,0.170792749,0.430381123
3773428,Cádiz,Barcelona,1.665178251,6.470819263,0.841670161,1.422043088,10.39971076,0.215924388,0.566404823,-0.350480435
3773457,Barcelona,Celta Vigo,5.426277662,2.550635641,1.845834285,1.576739729,11.39948732,0.452404829,0.247355878,0.20504895
3773466,Celta Vigo,Barcelona,3.761292397,4.513251681,1.260233792,1.139261434,10.6740393,0.341044279,0.43415842,-0.093114141
3773474,Barcelona,Real Valladolid,5.710916002,2.568673845,1.330120234,1.030476681,10.64018676,0.508569311,0.269573971,0.23899534
3773477,Barcelona,Real Betis,5.140850619,3.511555643,1.138642879,1.013014352,10.80406349,0.464197762,0.336649648,0.127548114
3773497,Real Madrid,Barcelona,2.987580137,5.372543295,0.850097758,1.277556791,10.48777798,0.325620849,0.471509243,-0.145888394
3773523,Barcelona,Real Sociedad,4.196717129,3.872947885,1.278338561,1.127818523,10.4758221,0.386241486,0.384071807,0.002169679
3773526,Barcelona,Deportivo Alavés,6.251924326,2.357111557,1.321445723,0.941848157,10.87232976,0.54011669,0.251713219,0.28840347
3773547,Barcelona,Osasuna,6.294932151,2.781406596,1.029093067,0.87738248,10.98281429,0.559348579,0.267064261,0.292284318
3773552,Huesca,Barcelona,2.750971285,6.063742469,0.931483966,0.966850657,10.71304838,0.260088247,0.562713391,-0.302625143
3773565,Granada,Barcelona,2.671179371,6.261199157,0.981876561,0.923292569,10.83754766,0.241068871,0.583137749,-0.342068878
3773571,Real Valladolid,Barcelona,3.447069823,5.121527321,0.802135401,1.075740943,10.44647349,0.356165683,0.464072568,-0.107906885
3773585,Barcelona,Real Madrid,4.113894892,4.158552293,1.285127901,1.244796908,10.80237199,0.377099021,0.38870012,-0.011601099
3773586,Barcelona,Granada,6.656116315,1.845404283,1.236104727,0.946671104,10.68429643,0.595891619,0.199810808,0.39608081
3773587,Getafe,Barcelona,2.436300007,5.343387731,0.985342031,1.346919062,10.11194883,0.276690189,0.492665735,-0.215975545
3773593,Barcelona,Villarreal,5.411360779,3.927551298,0.914092928,0.924712145,11.17771715,0.485070424,0.35042326,0.134647164
3773597,Real Sociedad,Barcelona,2.849839569,5.344421362,1.142834992,1.173046399,10.51014232,0.274025878,0.505626831,-0.231600953
3773625,Sevilla,Barcelona,3.665830764,4.846584758,1.173130635,1.087693905,10.77324006,0.332341432,0.457802988,-0.125461555
3773631,Real Betis,Barcelona,3.258551308,5.652423774,1.035344138,0.810436106,10.75675533,0.282022151,0.54638519,-0.264363039
3773656,Atlético Madrid,Barcelona,3.890980305,4.475177694,1.200665316,1.244649846,10.81147316,0.363961948,0.409860257,-0.045898308
3773660,Barcelona,Levante,5.670759034,2.962857927,1.023440483,0.992260167,10.64931761,0.52957184,0.281148366,0.248423474
3773661,Barcelona,Getafe,6.64328588,1.919145042,1.297556652,1.196080376,11.05606795,0.591694048,0.182761297,0.408932751
3773665,Osasuna,Barcelona,3.317303483,5.481260913,0.841211612,0.964044759,10.60382077,0.324424253,0.505329907,-0.180905654
3773672,Barcelona,Sevilla,5.019374735,4.289222323,0.967157052,0.771857249,11.04761136,0.436662259,0.405926854,0.030735405
3773689,Villarreal,Barcelona,3.519818892,4.58656219,1.214150959,1.220813947,10.54134599,0.334538102,0.434470058,-0.099931956
3773695,Valencia,Barcelona,3.173359515,5.757898538,0.785026742,0.894941441,10.61122624,0.309415155,0.532264953,-0.222849798
3813264,ATK Mohun Bagan,Hyderabad,3.925374017,4.118573775,1.246758096,1.050335584,10.34104147,0.360597287,0.417269024,-0.056671737
3813265,East Bengal,Mumbai City,2.148907574,4.804060492,1.513306172,1.581637818,10.04791206,0.220666663,0.471314719,-0.250648056
3813266,Goa,Chennaiyin,5.332627773,2.359853981,1.251521844,1.534860638,10.47886424,0.535932754,0.198162238,0.337770516
3813267,East Bengal,Goa,2.289456121,4.908416836,1.600025063,1.481849696,10.27974772,0.211219265,0.488980113,-0.277760849
3813268,Jamshedpur,ATK Mohun Bagan,3.112912141,4.120217016,1.283412438,1.428611899,9.945153495,0.327607975,0.399693937,-0.072085962
3813269,Odisha,Jamshedpur,4.163954927,3.180182432,1.260680249,1.596667171,10.20148478,0.441106559,0.278802113,0.162304446
3813270,Mumbai City,Goa,3.497299758,3.968880257,1.244463153,1.662511427,10.37315459,0.37745008,0.342309753,0.035140328
3813271,Kerala Blasters,Goa,2.525043075,4.739238083,1.255025839,1.234672749,9.753979747,0.256786466,0.487964021,-0.231177555
3813272,Goa,Hyderabad,4.004988062,3.07615192,1.529054468,1.702177783,10.31237223,0.405155214,0.281509292,0.123645922
3813273,Odisha,Mumbai City,3.018625787,4.468335499,1.575890354,1.300108315,10.36295996,0.264677636,0.457795607,-0.19311797
3813274,Bengaluru,Mumbai City,3.135258459,3.717862757,1.612092874,1.601304329,10.06651842,0.310382377,0.370401279,-0.060018903
3813275,Kerala Blasters,Jamshedpur,3.091033613,3.780630359,1.572741263,1.660587294,10.10499253,0.314585056,0.365441569,-0.050856513
3813276,NorthEast United,East Bengal,4.046724426,3.067126083,1.594569513,1.62440344,10.33282346,0.394525114,0.293946003,0.100579111
3813277,Mumbai City,Hyderabad,4.394357201,2.885775651,1.477538683,1.52799916,10.2856707,0.432136883,0.27565681,0.156480073
3813278,Chennaiyin,Kerala Blasters,3.773918347,3.996677978,1.349489063,1.153508637,10.27359403,0.348265457,0.408100456,-0.059834998
3813279,Chennaiyin,Odisha,4.25706509,3.019048936,1.609526405,1.363980665,10.2496211,0.391382209,0.318508816,0.072873394
3813280,Chennaiyin,East Bengal,4.540848515,3.005884825,1.286953613,1.29651013,10.13019708,0.449192152,0.295781838,0.153410315
3813281,ATK Mohun Bagan,Chennaiyin,3.181087658,4.093488988,1.467727214,1.493946841,10.2362507,0.313328325,0.397339756,-0.084011431
3813282,Mumbai City,Kerala Blasters,4.275749786,3.180991849,1.176248864,1.365166536,9.998157035,0.446549043,0.299262571,0.147286472
3813283,Chennaiyin,Bengaluru,3.603071848,3.768338495,1.44357527,1.4986716,10.31365721,0.354691658,0.360031567,-0.005339909
3813284,Mumbai City,Jamshedpur,4.056258878,3.357292764,1.271864648,1.39485782,10.08027411,0.414597064,0.32085433,0.093742734
3813285,Goa,Bengaluru,3.604441378,3.313798832,1.42903318,1.426969728,9.774243119,0.368558249,0.339244916,0.029313333
3813286,Mumbai City,Chennaiyin,5.411815829,2.576565151,1.353791748,1.131252602,10.47342533,0.495470824,0.26725777,0.228213055
3813287,Bengaluru,ATK Mohun Bagan,3.034025774,3.051967074,1.590053168,1.734094032,9.410140047,0.337727879,0.309020503,0.028707376
3813288,Jamshedpur,Hyderabad,2.950129447,3.894193613,1.606475049,1.278453295,9.729251404,0.269507651,0.433971247,-0.164463596
3813289,Odisha,Bengaluru,2.600875053,4.632251176,1.533187737,1.411456003,10.17776997,0.243584138,0.467094749,-0.223510612
3813290,Hyderabad,NorthEast United,4.088604344,3.8066006,1.069980429,1.219780935,10.18496631,0.416143237,0.359038998,0.05710424
3813291,East Bengal,ATK Mohun Bagan,3.94846216,3.724431464,1.405200607,1.46857883,10.54667306,0.380389186,0.347128732,0.033260455
3813292,Bengaluru,Kerala Blasters,4.770758085,2.906519676,1.369446261,1.366210542,10.41293456,0.457846185,0.279436635,0.17840955
3813293,Bengaluru,East Bengal,5.486904024,2.29860223,1.421139968,1.188092286,10.39473851,0.5054342,0.243551092,0.261883108
3813294,NorthEast United,Chennaiyin,3.705215903,3.816367113,1.26414977,1.557293628,10.34302641,0.386575418,0.340637558,0.045937861
3813295,Hyderabad,Odisha,3.972431635,3.330726667,1.579446044,1.301180361,10.18378471,0.362749808,0.354386159,0.008363649
3813296,NorthEast United,Kerala Blasters,3.193824387,3.719434225,1.569007086,1.486438983,9.96870468,0.312102363,0.381393817,-0.069291454
3813297,Bengaluru,NorthEast United,4.676914104,2.863593881,1.30546619,1.467890827,10.313865,0.469207105,0.261896897,0.207310208
3813298,East Bengal,Jamshedpur,2.723402161,4.393743683,1.461635286,1.348603024,9.927384154,0.262946397,0.453974166,-0.191027769
3813299,Hyderabad,Bengaluru,3.287500826,3.652271696,1.651998672,1.735574874,10.32734607,0.326422394,0.345557849,-0.019135455
3813300,Kerala Blasters,Odisha,3.742034151,3.819922033,1.360550899,1.29881764,10.22132472,0.360061048,0.379760491,-0.019699443
3813301,Odisha,NorthEast United,4.042414096,3.295449709,1.639412897,1.286231521,10.26350822,0.359451431,0.35549551,0.003955922
3813302,Jamshedpur,NorthEast United,4.010256364,3.592065008,1.177570745,1.307740772,10.08763289,0.410445784,0.343182094,0.06726369
3813303,ATK Mohun Bagan,Goa,3.335434682,4.363365587,1.22242319,1.495880671,10.41710413,0.346439098,0.39261469,-0.046175591
3813304,Hyderabad,East Bengal,4.514886533,2.453856116,1.732064009,1.641189058,10.34199572,0.427771554,0.246058028,0.181713527
3813305,Kerala Blasters,Hyderabad,2.963077946,4.108409233,1.507641953,1.427854956,10.00698409,0.288127864,0.41852732,-0.130399456
3813306,NorthEast United,ATK Mohun Bagan,3.313851507,4.138440329,1.441088443,1.367571452,10.26095173,0.315792784,0.410484079,-0.094691295
3813307,Jamshedpur,Bengaluru,3.093844831,3.888549805,1.656689872,1.689749,10.32883351,0.30273544,0.37327455,-0.070539109
3813308,Odisha,Goa,3.276514303,4.493145244,1.239745822,1.240022793,10.24942816,0.31970479,0.438353067,-0.118648278
3813309,Hyderabad,Chennaiyin,4.734150408,2.681746246,1.476593662,1.281870055,10.17436037,0.446163359,0.282717512,0.163445847
3813310,East Bengal,Kerala Blasters,2.687252166,4.815645463,1.483954572,1.076290115,10.06314232,0.226528418,0.519053568,-0.29252515
3813311,Jamshedpur,Chennaiyin,4.306317531,3.067928618,1.444959356,1.358656257,10.17786176,0.414626818,0.309911039,0.104715778
3813312,ATK Mohun Bagan,Mumbai City,2.992589674,4.993079714,1.108121748,0.839553519,9.933344655,0.274230034,0.529695498,-0.255465464
3813313,ATK Mohun Bagan,Odisha,4.179210768,3.492562838,1.572711183,1.208291217,10.45277601,0.364954802,0.368991242,-0.00403644
3813314,ATK Mohun Bagan,Kerala Blasters,2.914811799,4.277408933,1.40669451,1.307253039,9.906168281,0.284203766,0.441830815,-0.157627049
3813315,Goa,Jamshedpur,4.975422411,2.418785099,1.410430595,1.249278768,10.05391687,0.478845274,0.256610131,0.222235144
3813316,NorthEast United,Goa,2.739826738,4.955212387,1.145516906,1.330173276,10.17072931,0.287539174,0.469047585,-0.181508411
3813317,Odisha,East Bengal,3.988518072,3.617880819,1.428719602,1.305846949,10.34096544,0.373818619,0.361741222,0.012077397
3813318,NorthEast United,Mumbai City,3.007931432,4.433995834,1.238258679,1.473244356,10.1534303,0.319391281,0.413555816,-0.094164536
3817848,Goa,ATK Mohun Bagan,4.678128317,2.391916657,1.785745239,1.485068979,10.34085919,0.423316088,0.260383868,0.16293222
3817849,Mumbai City,Bengaluru,3.909854963,3.610427102,1.553666034,1.161876724,10.23582482,0.343701237,0.39100087,-0.047299633
3817850,Jamshedpur,East Bengal,4.221676184,2.831981479,1.522263207,1.340768234,9.916689103,0.40741231,0.303879291,0.103533019
3817851,Odisha,Kerala Blasters,3.510914077,3.943938057,1.385270209,1.527935557,10.3680579,0.352388023,0.366633052,-0.014245029
3817852,Chennaiyin,Mumbai City,3.269413736,4.237576435,1.295993841,1.251933826,10.05491784,0.320773752,0.425825106,-0.105051354
3817853,Goa,East Bengal,5.288799523,2.061207855,1.793236912,1.519843861,10.66308815,0.470352153,0.218942287,0.251409866
3817854,ATK Mohun Bagan,Bengaluru,3.335715661,4.277695902,1.360341794,1.456161535,10.42991489,0.329008955,0.400950171,-0.071941216
3817855,Kerala Blasters,ATK Mohun Bagan,3.160802906,4.258520046,1.522747185,1.138137649,10.08020779,0.275410332,0.46061844,-0.185208108
3817856,ATK Mohun Bagan,Jamshedpur,4.591365082,2.37512485,1.861904294,1.529806341,10.35820057,0.411197592,0.261360338,0.149837254
3817857,Hyderabad,Jamshedpur,3.758787191,3.04552083,1.639686039,1.478417595,9.922411654,0.362564956,0.323186478,0.039378478
3817858,Kerala Blasters,Chennaiyin,4.634098538,3.454426361,1.412022014,1.139645156,10.64019207,0.409928848,0.350257138,0.05967171
3817859,NorthEast United,Jamshedpur,3.818474981,3.458296746,1.612096158,1.374669767,10.26353765,0.348909773,0.360082777,-0.011173004
3817860,Odisha,Hyderabad,3.329386467,4.213251207,1.529838668,1.30262427,10.37510061,0.299001637,0.427992534,-0.128990897
3817861,Kerala Blasters,Bengaluru,3.67299425,3.35065647,1.452430501,1.223354425,9.699435646,0.355063769,0.369066065,-0.014002296
3817862,Mumbai City,Odisha,4.496229582,3.4956441,1.133134004,1.131154069,10.25616176,0.438199958,0.341026606,0.097173352
3817863,Hyderabad,Goa,2.788706206,4.025972481,1.556748582,1.628269126,9.999696395,0.286031359,0.3954572,-0.109425841
3817864,Mumbai City,ATK Mohun Bagan,3.565799354,3.783660079,1.380176416,1.283674006,10.01330986,0.34646855,0.387500491,-0.041031942
3817865,NorthEast United,Odisha,3.903806645,3.599991101,1.489959807,1.33200629,10.32576384,0.362767654,0.363938656,-0.001171002
3817866,Kerala Blasters,Mumbai City,3.302980008,4.107444761,1.062653731,1.316856538,9.789935039,0.363351013,0.393592188,-0.030241175
3817867,Mumbai City,NorthEast United,3.919304508,3.436830338,1.218227735,1.291010972,9.865373553,0.404656522,0.34099541,0.063661111
3817868,Bengaluru,Chennaiyin,3.567086554,3.71009615,1.491477501,1.539446623,10.30810683,0.350700253,0.355266693,-0.00456644
3817869,Bengaluru,Hyderabad,3.841730276,3.072459914,1.88369904,1.42253748,10.22042671,0.330765907,0.34574109,-0.014975183
3817870,Goa,Kerala Blasters,4.34402385,2.792189129,1.605605775,1.567106545,10.3089253,0.417650191,0.274586174,0.143064017
3817871,NorthEast United,Hyderabad,3.670519402,4.062096575,1.49169045,1.054854338,10.27916077,0.314586313,0.437675097,-0.123088784
3817872,Bengaluru,Odisha,3.74796346,3.650298033,1.443018882,1.245503077,10.08678345,0.351990074,0.381470848,-0.029480774
3817873,ATK Mohun Bagan,NorthEast United,3.995964755,3.811698703,1.156743342,1.250312997,10.2147198,0.400356984,0.363997165,0.036359819
3817874,Bengaluru,Goa,2.832078553,3.781009183,1.326254083,1.931705928,9.871047746,0.348243721,0.321704182,0.026539539
3817875,Jamshedpur,Goa,2.4624033,4.940454123,1.287432455,1.362390485,10.05268036,0.252406447,0.48399988,-0.231593434
3817876,Chennaiyin,NorthEast United,3.515817396,4.360084136,1.122350014,1.069865371,10.06811692,0.343990121,0.438271508,-0.094281387
3817877,NorthEast United,Bengaluru,3.058589669,4.620075416,1.179838467,1.341067857,10.19957141,0.3156818,0.437160136,-0.121478336
3817878,East Bengal,Hyderabad,3.43875704,3.504263123,1.687056753,1.53627047,10.16634739,0.323417116,0.359524347,-0.036107231
3817879,Chennaiyin,Hyderabad,3.020217696,4.111776114,1.484217957,1.463520862,10.07973263,0.297579381,0.409978455,-0.112399073
3817880,Odisha,Chennaiyin,3.455918811,4.116046701,1.067401618,1.374869926,10.01423706,0.375803678,0.380316381,-0.004512703
3817881,Jamshedpur,Kerala Blasters,3.519644198,3.208205172,1.746687172,1.424637083,9.899173625,0.323016267,0.356621209,-0.033604942
3817882,East Bengal,Chennaiyin,4.237193366,3.4072765,1.223296277,1.471586169,10.33935231,0.433826329,0.305530416,0.128295913
3817883,Bengaluru,Jamshedpur,3.65350487,3.262777048,1.460361128,1.441358511,9.818001556,0.370187582,0.334261473,0.035926108
3817884,Hyderabad,ATK Mohun Bagan,3.499402405,4.082347534,1.188644,1.33985481,10.11024875,0.361080455,0.388826904,-0.02774645
3817885,Mumbai City,East Bengal,3.831135214,3.148853625,1.620039595,1.714180551,10.31420899,0.380569773,0.296165481,0.084404291
3817886,Kerala Blasters,NorthEast United,3.940423644,3.410123721,1.295700731,1.406609137,10.05285723,0.403003042,0.328186827,0.074816216
3817887,Hyderabad,Mumbai City,3.139425346,4.239124123,1.322919144,1.657020394,10.35848901,0.335331398,0.376987693,-0.041656295
3817888,ATK Mohun Bagan,East Bengal,5.449387681,2.273964462,1.439911385,1.15645253,10.31971606,0.500588272,0.247819155,0.252769116
3817889,Chennaiyin,ATK Mohun Bagan,3.844998382,4.760150984,0.979399391,1.160064733,10.74461349,0.374668082,0.426212227,-0.051544145
3817890,Goa,NorthEast United,4.957853493,2.569515779,1.428937382,1.172738546,10.1290452,0.464175504,0.278971469,0.185204035
3817891,East Bengal,Bengaluru,3.269599603,3.803095762,1.562488472,1.609742168,10.24492601,0.323755711,0.366605094,-0.042849384
3817892,Odisha,ATK Mohun Bagan,3.232664068,4.559302311,1.261416721,1.273550912,10.32693401,0.31420732,0.440321214,-0.126113894
3817893,East Bengal,NorthEast United,4.094150046,3.592010668,1.046311443,1.410327027,10.14279918,0.439539968,0.318254855,0.121285113
3817894,Goa,Odisha,4.680844162,2.680653049,1.36309834,1.492590988,10.21718654,0.470808357,0.249693043,0.221115314
3817895,Chennaiyin,Goa,2.812908806,5.325893717,1.162511929,1.276320675,10.57763513,0.276689214,0.492745771,-0.216056556
3817896,East Bengal,Odisha,3.891831025,3.777501039,1.069965398,1.454045693,10.19334316,0.419480759,0.332905573,0.086575186
3817897,Hyderabad,Kerala Blasters,3.239134862,4.06184866,1.282596349,1.501198449,10.08477832,0.342866928,0.381093807,-0.038226879
3817898,Goa,Mumbai City,4.668923242,2.770135875,1.515802981,1.253066536,10.20792863,0.431643574,0.297109475,0.134534098
3817899,Jamshedpur,Odisha,4.577370439,2.71529936,1.188095772,1.538505254,10.01927083,0.491830195,0.236034131,0.255796064
3817900,Chennaiyin,Jamshedpur,3.42045713,3.730987366,1.536880658,1.532966137,10.22129129,0.334257435,0.365404114,-0.031146679
3817901,Jamshedpur,Mumbai City,2.429730179,4.937705174,1.266692368,1.410188808,10.04431653,0.256187329,0.477305621,-0.221118292
3817902,Kerala Blasters,East Bengal,3.825051151,3.676263861,1.45279789,1.375771301,10.3298842,0.362833163,0.363342936,-0.000509772
3827335,Kerala Blasters,Jamshedpur,3.046964873,3.703202689,1.635175513,1.541996069,9.927339144,0.297540498,0.382416887,-0.084876389
3827336,ATK Mohun Bagan,Hyderabad,4.841700981,2.286075102,1.613994228,1.491587268,10.23335758,0.461167704,0.235355996,0.225811709
3827337,Jamshedpur,Kerala Blasters,3.273695281,3.320310613,1.753003678,1.812712333,10.15972191,0.328099919,0.320934174,0.007165745
3827338,Hyderabad,ATK Mohun Bagan,3.683481148,4.361426463,1.306715707,1.168231198,10.51985452,0.336981527,0.427754107,-0.09077258
3827767,Hyderabad,Kerala Blasters,3.639329485,4.184803492,1.404001342,1.495087261,10.72322158,0.347881966,0.381761912,-0.033879946
68313,Barcelona,Osasuna,4.327323529,2.638413723,1.888302637,1.494102924,10.34814281,0.380080164,0.293058715,0.087021449
68314,Barcelona,Málaga,5.980746038,2.014118794,1.461564282,1.271305268,10.72773438,0.539767934,0.205484003,0.334283931
68315,Barcelona,Levante,4.799893326,2.490651381,1.778286092,1.743057369,10.81188817,0.440687559,0.233620628,0.207066931
68316,Barcelona,Albacete,5.579166133,1.963244652,1.627966245,1.548009819,10.71838685,0.513063186,0.190625801,0.322437385
68317,Barcelona,Real Zaragoza,4.59846815,2.99040686,1.552039526,1.308654259,10.4495688,0.41677154,0.309466562,0.107304979
68318,Barcelona,Osasuna,5.301615102,2.203447987,1.602412102,1.570359727,10.67783492,0.493504795,0.209358955,0.284145839
68319,Real Madrid,Barcelona,3.251730211,4.307751309,1.239096464,1.291536892,10.09011488,0.327466107,0.421730667,-0.09426456
68320,Villarreal,Barcelona,3.348940222,3.677009464,1.250511229,1.592472671,9.868933586,0.373991945,0.337933982,0.036057963
68321,Barcelona,Sevilla,4.435071091,2.82906359,1.893169247,1.679823266,10.83712719,0.389561277,0.280739491,0.108821786
68322,Cádiz,Barcelona,2.983302171,3.835612975,1.670055926,1.81614742,10.30511849,0.30367372,0.35802805,-0.054354331
68323,Barcelona,Celta Vigo,4.135431334,3.215646233,1.904915337,1.672135436,10.92812834,0.357119839,0.315555054,0.041564785
68324,Barcelona,Deportivo Alavés,4.78618293,2.615388468,1.624100841,1.660696492,10.68636873,0.451301906,0.241316099,0.209985807
68325,Mallorca,Barcelona,3.07401591,4.441330579,1.287999202,1.587495377,10.39084107,0.324662081,0.398604346,-0.073942265
68326,Celta Vigo,Barcelona,2.87965205,4.866407214,1.141014839,1.21037106,10.09744516,0.292054893,0.475075716,-0.183020823
68327,Barcelona,Osasuna,5.316082861,2.808437378,1.466958925,1.239361183,10.83084035,0.469814433,0.280313902,0.189500531
68328,Barcelona,Valencia,5.568396912,2.504759837,1.365043555,1.369891903,10.80809221,0.515654859,0.231299978,0.284354881
68329,Barcelona,Sevilla,4.377804283,3.449192337,1.487123039,1.565648849,10.87976851,0.409597878,0.309810501,0.099787377
68330,Real Madrid,Barcelona,3.00141857,4.608897987,1.16888648,1.222385785,10.00158882,0.305443258,0.455467502,-0.150024244
68331,Barcelona,Real Zaragoza,4.428676748,2.85030879,1.82421189,1.694051118,10.79724855,0.398112163,0.276039729,0.122072434
68332,Valencia,Barcelona,2.380678604,5.217615262,1.147047146,1.451921361,10.19726237,0.263360177,0.481770584,-0.218410407
68333,Barcelona,Athletic Club,5.315350587,2.489870896,1.701345966,1.378005935,10.88457338,0.458631715,0.258458538,0.200173177
68334,Sevilla,Barcelona,3.332062763,4.354005233,1.32901778,1.477498836,10.49258461,0.33171463,0.400809175,-0.069094545
68335,Barcelona,Real Madrid,4.625594712,3.189170148,1.480076086,1.55240397,10.84724492,0.433098232,0.287339531,0.145758701
68336,Gimnàstic Tarragona,Barcelona,2.652705155,5.693323782,0.936340885,1.064983489,10.34735331,0.268797989,0.537787878,-0.268989889
68339,Getafe,Barcelona,3.39907618,4.517568156,1.040589096,1.384205445,10.34143888,0.361912165,0.403614222,-0.041702057
68340,Racing Santander,Barcelona,2.405471297,5.677415286,0.977827045,1.09379956,10.15451319,0.2483077,0.54768187,-0.29937417
68341,Recreativo Huelva,Barcelona,2.819780743,5.783194591,1.066806063,1.18687263,10.85665403,0.270787602,0.521627383,-0.250839781
68342,Barcelona,Athletic Club,5.188251278,2.220997979,1.631468803,1.631390813,10.67210887,0.486143212,0.208119688,0.278023524
68347,Athletic Club,Barcelona,2.441810821,5.587904628,0.959719594,1.150442378,10.13987742,0.259621837,0.532272889,-0.272651051
68348,Espanyol,Barcelona,2.756580258,4.59381921,1.234504939,1.209163838,9.794068245,0.278866666,0.471628357,-0.192761691
68350,Barcelona,Atlético Madrid,4.283986594,3.029108878,1.691383963,1.457219561,10.461699,0.387109416,0.311925748,0.075183669
68351,Real Zaragoza,Barcelona,3.144250363,4.537258872,1.372579622,1.465527682,10.51961654,0.307729698,0.422478405,-0.114748706
68352,Barcelona,Getafe,4.876610104,2.865759275,1.465054452,1.496034772,10.7034586,0.458505106,0.264847005,0.193658101
68353,Espanyol,Barcelona,2.900673991,4.360773348,1.458489753,1.122623703,9.842560794,0.260583398,0.47717657,-0.216593171
68354,Barcelona,Racing Santander,5.5322305,1.9648228,1.532459358,1.60877513,10.63828779,0.527203849,0.177519829,0.349684021
68356,Espanyol,Barcelona,3.128714976,4.293608759,1.19388857,1.239602916,9.855815221,0.322086936,0.431003861,-0.108916925
68358,Recreativo Huelva,Barcelona,3.375650017,4.207991204,1.322383827,1.229281089,10.13530614,0.323872534,0.424367442,-0.100494909
68359,Barcelona,Espanyol,4.962638449,2.307793732,1.814416785,1.752699842,10.83754881,0.452216787,0.218638985,0.233577802
68360,Barcelona,Levante,5.788606977,2.205046823,1.413419704,1.391435968,10.79850947,0.534020298,0.206234996,0.327785301
68361,Real Madrid,Barcelona,4.407420251,3.568041705,0.987723917,1.208066493,10.17125237,0.454984564,0.329133425,0.125851139
68363,Real Valladolid,Barcelona,3.539539752,4.491806106,1.129719317,1.016267993,10.17733317,0.336639115,0.452501392,-0.115862278
68364,Villarreal,Barcelona,3.304832576,4.002672414,1.453819014,1.668313439,10.42963744,0.33743522,0.363212816,-0.025777597
68365,Atlético Madrid,Barcelona,2.572777813,4.821870709,1.29273364,1.521043855,10.20842602,0.274389805,0.449977351,-0.175587545
68366,Barcelona,Mallorca,3.824840151,3.610018777,1.750542717,1.545777597,10.73117924,0.337341773,0.355485992,-0.018144219
69138,Sporting Gijón,Barcelona,2.304586081,5.456701914,1.249987437,0.986788228,9.998063659,0.204178223,0.57210089,-0.367922667
69139,Barcelona,Espanyol,4.571071691,2.487230408,1.703758607,1.892460011,10.65452072,0.44673742,0.215732745,0.231004674
69141,Barcelona,Valencia,4.964763649,3.359426209,1.240040049,1.080845535,10.64507544,0.451435893,0.330539764,0.120896129
69142,Barcelona,Málaga,5.57326605,2.760524004,1.301048917,1.10755377,10.74239274,0.500798196,0.274987074,0.225811121
69143,Barcelona,Real Zaragoza,5.444311302,2.311554334,1.607416534,1.658177493,11.02145966,0.498579356,0.205126494,0.293452862
69144,Barcelona,Atlético Madrid,4.862922325,3.170139727,1.292202078,1.306216346,10.63148048,0.458726008,0.296866035,0.161859972
69145,Valencia,Barcelona,2.987080182,5.043845704,1.120812531,1.115044545,10.26678296,0.290384262,0.491839918,-0.201455656
69146,Sevilla,Barcelona,3.394230796,4.549688654,1.023197662,1.269813908,10.23693102,0.355658062,0.420347895,-0.064689834
69147,CD Numancia de Soria,Barcelona,2.114811672,5.665117441,0.95908785,1.359525922,10.09854289,0.249070561,0.521330595,-0.272260034
69148,Barcelona,Sevilla,4.8001842,3.13935818,1.521208481,1.08386736,10.54461822,0.413750691,0.339196662,0.074554029
69149,Barcelona,Valencia,4.763078844,3.400038276,1.27117065,1.165908576,10.60019635,0.439408537,0.330682587,0.10872595
69151,Levante,Barcelona,2.886557906,5.012461057,1.39457136,1.088127921,10.38171824,0.248524802,0.512333736,-0.263808935
69153,Albacete,Barcelona,3.25929815,3.935589972,1.487660786,1.540662248,10.22321116,0.323997965,0.3797817,-0.055783735
69154,Barcelona,Racing Santander,5.201788055,2.481133961,1.543245015,1.416911027,10.64307806,0.476878403,0.244991903,0.2318865
69155,Villarreal,Barcelona,3.050940082,4.545696954,1.049748508,1.464530022,10.11091557,0.342770303,0.408559978,-0.065789674
69156,Barcelona,Levante,4.995809052,2.478395441,1.853667857,1.54707859,10.87495094,0.431194569,0.256091703,0.175102866
69157,Barcelona,Getafe,3.336993739,3.194026109,2.015285614,1.831969889,10.37827535,0.303873034,0.325424188,-0.021551155
69158,Barcelona,Almería,4.647683489,2.889380497,1.799342475,1.670132204,11.00653867,0.410526266,0.274254319,0.136271947
69159,Barcelona,Mallorca,4.89125698,2.016102052,2.420370529,1.822060562,11.14979012,0.385024917,0.234480828,0.150544089
69160,Real Sociedad,Barcelona,3.155275863,4.437748509,0.89658708,1.184026989,9.67363844,0.355886339,0.429032843,-0.073146503
69162,Barcelona,Real Betis,4.941190209,2.600154248,1.636792026,1.576741929,10.75487841,0.453853584,0.247348621,0.206504963
69164,Barcelona,Málaga,5.658581174,2.024274121,1.174631069,1.511142727,10.36862909,0.578195322,0.162775855,0.415419467
69165,Barcelona,Espanyol,5.145521929,2.256390423,1.729745559,1.574294815,10.70595273,0.466102486,0.225280386,0.2408221
69166,Barcelona,Real Betis,4.940819021,2.487131676,1.923258125,1.865513235,11.21672206,0.435338783,0.226882377,0.208456406
69169,Barcelona,Athletic Club,5.232188407,2.754084963,1.606723167,1.57320499,11.16620153,0.465571951,0.249646501,0.21592545
69170,Barcelona,RC Deportivo La Coruña,4.980514267,2.662552918,1.866492708,1.455275775,10.96483567,0.416722829,0.280329769,0.136393059
69171,Sevilla,Barcelona,2.728054051,4.82408888,1.353762836,1.413337372,10.31924314,0.270138861,0.461711608,-0.191572747
69172,Barcelona,Real Betis,4.499678389,3.267732157,1.266963056,1.27485489,10.30922849,0.437236426,0.316206041,0.121030386
69173,Barcelona,Racing Santander,4.863651565,2.753115342,1.747036589,1.602345095,10.96614859,0.430320639,0.264250189,0.16607045
69174,RC Deportivo La Coruña,Barcelona,3.517216614,3.968302048,1.265683573,1.670552391,10.42175463,0.376336382,0.34192258,0.034413802
69175,Barcelona,RC Deportivo La Coruña,4.848917192,2.839764505,1.526208087,1.544720244,10.75961003,0.452379718,0.262207677,0.190172041
69176,Atlético Madrid,Barcelona,3.251803495,4.854415362,1.136680542,1.113749038,10.35664844,0.311768041,0.47093873,-0.15917069
69177,Almería,Barcelona,2.362704618,5.880069431,1.213044986,1.048007071,10.50382611,0.209225351,0.575514797,-0.366289446
69178,Getafe,Barcelona,2.93516016,4.180900374,1.43813356,1.391114467,9.94530856,0.290402359,0.425116973,-0.134714614
69179,Real Zaragoza,Barcelona,3.539362578,4.007026186,1.412040737,1.368605924,10.32703542,0.338521911,0.392219144,-0.053697234
69180,Racing Santander,Barcelona,2.758595231,5.783831622,0.91148089,0.900059725,10.35396747,0.265325739,0.55971325,-0.294387512
69181,Athletic Club,Barcelona,3.340757456,4.14144546,1.277846466,1.496606337,10.25665572,0.347044634,0.382452692,-0.035408058
69182,Real Zaragoza,Barcelona,3.32194463,4.170261989,1.42978691,1.451126853,10.37312038,0.322302687,0.399968562,-0.077665875
69183,Barcelona,RC Deportivo La Coruña,5.332694452,2.62929549,1.294211071,1.37552994,10.63173095,0.509231596,0.239657741,0.269573855
69184,Barcelona,Recreativo Huelva,5.125688616,2.042274044,1.967395386,2.058308379,11.19366642,0.466031541,0.174327247,0.291704294
69185,Atlético Madrid,Barcelona,3.621991482,3.837832539,1.442132922,1.369019497,10.27097644,0.345524895,0.380776452,-0.035251557
69186,Real Murcia CF,Barcelona,3.339458965,4.499513403,1.00026577,1.118389986,9.957628125,0.347229595,0.440003295,-0.0927737
69187,Barcelona,Osasuna,4.839798249,2.658788386,1.501146123,1.41055525,10.41028801,0.456203265,0.264102132,0.192101133
69189,Barcelona,CD Numancia de Soria,5.825562788,2.174070251,1.436072239,1.331879753,10.76758503,0.5313513,0.211585303,0.319765997
69195,Real Betis,Barcelona,1.953546086,5.676805624,1.1571906,1.128654526,9.916196837,0.194127854,0.575355834,-0.38122798
69207,Barcelona,Real Betis,4.985591467,2.783124592,1.386584731,1.491841701,10.64714249,0.478142228,0.251510452,0.226631776
69209,Racing Santander,Barcelona,2.522986082,5.447452675,1.278706319,1.153411488,10.40255656,0.230490576,0.535709416,-0.305218841
69210,Real Valladolid,Barcelona,3.019826518,5.177629585,1.230811367,0.923699115,10.35196658,0.262048205,0.529826076,-0.267777871
69211,Espanyol,Barcelona,2.086610181,5.050897092,1.096800591,1.24503278,9.479340645,0.235759264,0.517194717,-0.281435454
69212,Barcelona,Atlético Madrid,4.795264799,2.97970447,1.296272909,1.49609259,10.56733477,0.472691042,0.263063947,0.209627095
69213,Espanyol,Barcelona,2.768958973,4.371238985,1.490180479,1.449509483,10.07988792,0.270666499,0.437694349,-0.16702785
69214,Barcelona,Xerez,5.336119572,2.553138826,1.459040299,1.424390252,10.77268895,0.492121285,0.240217543,0.251903741
69215,Barcelona,Racing Santander,5.78769918,1.846570769,1.797370706,1.413457364,10.84509802,0.498269894,0.205667492,0.292602402
69216,Barcelona,Athletic Club,5.381187088,2.370859803,1.45937191,1.315796412,10.52721521,0.49753059,0.238850945,0.258679645
69217,Barcelona,Villarreal,4.384390163,2.966840607,1.695478969,1.734374512,10.78108425,0.410282083,0.271581688,0.138700395
69218,RC Deportivo La Coruña,Barcelona,2.281771303,5.762326575,1.118307129,1.065503553,10.22790856,0.217929962,0.568555156,-0.350625194
69219,Tenerife,Barcelona,3.012996983,4.888193123,1.095592499,1.263653304,10.26043591,0.310031447,0.460032338,-0.150000891
69220,Sporting Gijón,Barcelona,2.174549325,6.007206257,1.156065758,0.965580565,10.30340191,0.192563985,0.601518945,-0.40895496
69221,Barcelona,RC Deportivo La Coruña,6.117670357,2.16094512,1.454881795,1.375014244,11.10851151,0.543529419,0.201720336,0.341809083
69222,Barcelona,Recreativo Huelva,5.104025727,2.783271083,1.444038638,1.333520284,10.66485573,0.468220808,0.271338826,0.196881982
69223,Getafe,Barcelona,2.544118772,5.726908916,0.929782526,1.129861574,10.33067179,0.26563595,0.534992301,-0.26935635
69224,Barcelona,Valencia,4.456667926,2.765613003,1.781557821,1.887748885,10.89158764,0.41893424,0.244172111,0.17476213
69225,Barcelona,Real Madrid,4.766391184,2.339564211,1.802222017,1.884117653,10.79229506,0.44923594,0.209192629,0.240043311
69226,Almería,Barcelona,2.147601962,5.216269799,1.191728577,1.232069411,9.787669748,0.223540726,0.528821374,-0.305280648
69227,Real Zaragoza,Barcelona,2.976115186,4.438051984,1.251245365,1.374054788,10.03946732,0.308674207,0.429827841,-0.121153634
69228,Villarreal,Barcelona,3.129616423,4.294387633,1.357671223,1.592738958,10.37441424,0.324325218,0.391281841,-0.066956622
69229,Getafe,Barcelona,3.897758218,4.536340583,0.860715784,1.240869962,10.53568455,0.406040289,0.394486603,0.011553686
69230,Osasuna,Barcelona,2.579848249,5.118016081,1.016878789,1.404547277,10.1192904,0.293253442,0.467458429,-0.174204988
69231,Barcelona,Sporting Gijón,5.82667855,2.015807835,1.612810673,1.608564556,11.06386161,0.526256802,0.182581274,0.343675528
69232,Barcelona,Almería,5.245054612,2.746605798,1.448583768,1.438650429,10.87889461,0.481218126,0.25338412,0.227834006
69233,Barcelona,Racing Santander,5.333802397,2.807557101,1.409655506,1.311818456,10.86283346,0.482007329,0.267461907,0.214545423
69234,Barcelona,Espanyol,5.914075214,2.755321842,1.174193151,1.108434222,10.95202443,0.533994087,0.257585325,0.276408762
69235,Málaga,Barcelona,2.674569765,3.53333195,1.671879658,1.966669251,9.846450624,0.30156647,0.328904544,-0.027338074
69236,Barcelona,Mallorca,5.761143734,2.23528743,1.301538019,1.325618906,10.62358809,0.544564094,0.208141216,0.336422878
69237,Atlético Madrid,Barcelona,2.961763122,4.750823666,1.530328385,1.463743409,10.70665858,0.270409122,0.449945107,-0.179535985
69238,Barcelona,Málaga,5.965902265,2.151980252,1.483476936,1.557737431,11.15909689,0.541277025,0.186190673,0.355086352
69239,Sevilla,Barcelona,2.776665834,5.453497905,1.06145119,1.112937188,10.40455212,0.2718187,0.519196967,-0.247378267
69240,Barcelona,Getafe,4.028091109,4.060844484,1.338131958,1.346068215,10.77313577,0.374638123,0.376205064,-0.00156694
69241,Barcelona,Tenerife,6.59715874,1.693557643,1.260400827,1.526924081,11.07804129,0.619575412,0.128816489,0.490758922
69242,Barcelona,Real Valladolid,5.157018052,2.467765581,1.707338392,1.574322909,10.90644493,0.460645297,0.238462769,0.222182528
69243,Barcelona,Sevilla,5.713168055,2.247884034,1.437067634,1.291851896,10.68997162,0.52085754,0.223863997,0.296993543
69244,Villarreal,Barcelona,2.8265752,4.786186438,1.661069124,1.552806691,10.82663745,0.251076364,0.452074699,-0.200998335
69245,Real Madrid,Barcelona,2.515777322,5.961937943,0.882836514,1.243679294,10.60423107,0.271270975,0.528194371,-0.256923396
69246,Real Sociedad,Barcelona,1.937307074,6.444728217,0.897531572,1.089381562,10.36894842,0.205339729,0.603038801,-0.397699072
69247,Barcelona,Athletic Club,4.825435789,2.892647793,1.354107664,1.589153062,10.66134431,0.474656951,0.249274605,0.225382346
69248,Sporting Gijón,Barcelona,1.830905716,5.575646511,1.330242326,1.485137454,10.22193201,0.194268641,0.530305952,-0.33603731
69249,Real Madrid,Barcelona,3.012525325,4.96861777,1.518196124,1.188522231,10.68786145,0.251018545,0.495729823,-0.244711278
69250,Barcelona,Mallorca,4.84818623,2.508280634,1.585742692,1.708633806,10.65084336,0.466730866,0.223962501,0.242768364
69251,Valencia,Barcelona,2.782496458,4.391355346,1.398037077,1.498326882,10.07021576,0.28626857,0.426114558,-0.139845988
69252,Valencia,Barcelona,2.898169953,4.215960866,1.283059519,1.661144855,10.05833519,0.325725403,0.381561705,-0.055836302
69253,Barcelona,Real Zaragoza,6.548572092,2.1822783,1.289391632,1.228244181,11.2484862,0.576737574,0.199442459,0.377295114
69254,Racing Santander,Barcelona,2.237470413,6.234500011,1.011607172,0.956510068,10.44008766,0.209037834,0.602446772,-0.393408938
69255,Málaga,Barcelona,2.524803445,5.081182623,1.318604676,1.297899363,10.22249011,0.244959702,0.499084654,-0.254124952
69256,Barcelona,Almería,5.401662426,2.187863287,1.737619067,1.565034732,10.89217951,0.480076378,0.216710312,0.263366066
69257,Barcelona,Osasuna,5.404158677,2.332808133,1.463122949,1.600372406,10.80046216,0.51307139,0.203283771,0.309787619
69259,Real Madrid,Barcelona,3.424789305,3.900070877,1.578878034,1.632254923,10.53599314,0.330122291,0.365100275,-0.034977983
69260,Barcelona,Valencia,4.275677318,3.465167595,1.673401988,1.43519772,10.84944462,0.37213638,0.341342068,0.030794312
69262,Barcelona,Real Madrid,4.161936114,3.042618903,1.670048685,1.764237524,10.63884123,0.400055313,0.277138271,0.122917042
69263,Real Zaragoza,Barcelona,2.131340449,5.946708139,1.140895069,1.34461314,10.5635568,0.221048513,0.543660642,-0.322612129
69264,Real Sociedad,Barcelona,2.561790601,6.046766303,1.120287222,1.174943005,10.90378713,0.239957581,0.549543975,-0.309586394
69265,Sporting Gijón,Barcelona,2.033012868,6.105410927,1.238232541,1.280041427,10.65669776,0.1946965,0.568994465,-0.374297965
69267,Xerez,Barcelona,2.618617211,5.184929019,1.201093923,1.403177741,10.40781789,0.271017523,0.478759837,-0.207742314
69268,Barcelona,Villarreal,6.099567437,2.236406674,1.364031972,1.266035023,10.96604111,0.547286886,0.212875695,0.334411191
69269,Atlético Madrid,Barcelona,2.438349772,5.040490255,1.402524341,1.341577924,10.22294229,0.232555686,0.499018436,-0.26646275
69270,Getafe,Barcelona,2.895861368,5.054047242,1.104785234,1.151551928,10.20624577,0.288316402,0.490609442,-0.20229304
69271,Barcelona,Osasuna,5.103984663,2.570880353,1.78887415,1.383416279,10.84715545,0.433157505,0.274388824,0.158768682
69272,Levante,Barcelona,1.87498317,7.094123069,0.642741263,0.955814141,10.56766164,0.207052054,0.641679344,-0.43462729
69273,Real Valladolid,Barcelona,2.387322662,4.922345435,1.534892329,1.337308025,10.18186845,0.215062527,0.50284776,-0.287785233
69274,Valencia,Barcelona,2.901915331,4.054350641,1.701955464,1.555944402,10.21416584,0.269811976,0.411229049,-0.141417073
69275,Espanyol,Barcelona,2.917425642,4.724125261,1.436848566,1.320908749,10.39930822,0.269391556,0.465421832,-0.196030275
69276,Barcelona,Atlético Madrid,5.558219707,2.640167156,1.264453995,1.287220917,10.75006178,0.519158563,0.243477692,0.275680871
69277,Osasuna,Barcelona,2.501964128,4.878238012,1.250320534,1.549945517,10.18046819,0.275192561,0.449744839,-0.174552279
69278,Barcelona,Málaga,5.639454144,2.484009689,1.577076993,1.493646856,11.19418768,0.496331147,0.229354724,0.266976423
69279,Barcelona,Real Valladolid,4.807255575,2.971599939,1.586622604,1.70091136,11.06638948,0.444729,0.258197237,0.186531764
69280,RC Deportivo La Coruña,Barcelona,2.631846979,5.776978306,1.27574412,1.103851068,10.78842047,0.228017988,0.551412635,-0.323394647
69282,Barcelona,Athletic Club,5.946705641,1.826798097,2.036565376,1.667993162,11.47806227,0.485982154,0.191266632,0.294715522
69283,Mallorca,Barcelona,2.293814424,5.89193191,1.062037951,1.259346652,10.50713094,0.237088806,0.541976991,-0.304888185
69285,Recreativo Huelva,Barcelona,2.598533722,4.995079801,1.103279441,1.215304021,9.912196985,0.273456864,0.492630971,-0.219174107
69286,Racing Santander,Barcelona,3.235404706,4.975414226,1.243859964,1.21600553,10.67068443,0.300594615,0.468879826,-0.168285212
69287,Barcelona,Hércules,5.659959979,2.128389175,1.465360335,1.619863477,10.87357297,0.534733444,0.181530582,0.353202862
69288,Athletic Club,Barcelona,2.557157284,4.828553189,1.099987159,1.543228015,10.02892565,0.299174433,0.437266412,-0.138091979
69289,Barcelona,Sevilla,5.8264642,2.309392092,1.41501592,1.290109403,10.84098161,0.525926331,0.224545959,0.301380372
69291,Sevilla,Barcelona,2.39912295,5.552780588,1.14474055,1.157294818,10.25393891,0.235195201,0.540302256,-0.305107055
69292,Barcelona,Atlético Madrid,4.597905635,3.554498256,1.352506304,1.24790207,10.75281226,0.417872208,0.340292604,0.077579604
69293,Barcelona,Racing Santander,7.136353897,1.730080664,1.168259018,1.247510003,11.28220358,0.639556345,0.146321564,0.49323478
69295,Barcelona,Racing Santander,6.138234846,2.524789152,1.473544668,1.352131851,11.48870052,0.5237165,0.230330834,0.293385667
69296,Hércules,Barcelona,2.383094639,5.965623134,1.186029557,1.045770461,10.58051779,0.211977862,0.57708728,-0.365109417
69297,Barcelona,Atlético Madrid,5.895024059,2.992921339,1.073720832,1.117633557,11.07929979,0.536039001,0.266172833,0.269866167
69298,Mallorca,Barcelona,3.09857093,5.313224622,1.139370517,1.198931726,10.75009779,0.293777061,0.48870843,-0.194931369
69299,Barcelona,Real Madrid,5.537468839,2.675098973,1.468531105,1.385207806,11.06630672,0.492860507,0.249263132,0.243597375
69300,Barcelona,Real Zaragoza,6.369726417,1.471275191,1.872030507,1.604628662,11.31766078,0.539186029,0.153625124,0.385560906
69302,Barcelona,Real Sociedad,6.750064441,2.042714072,1.356228129,1.323936458,11.4729431,0.585531778,0.180860807,0.404670971
69303,Barcelona,Getafe,5.442075496,2.603655723,1.55829432,1.310340629,10.91436617,0.475897704,0.261271188,0.214626517
69304,Villarreal,Barcelona,2.725342688,5.60225101,0.816510253,1.380291059,10.52439501,0.312523759,0.478742027,-0.166218268
69305,Barcelona,Almería,5.780143719,2.138414251,1.530286432,1.658911142,11.10775554,0.531949808,0.180935701,0.351014107
69306,Almería,Barcelona,2.350891856,6.33500273,0.999616168,0.902081937,10.58759269,0.212830026,0.607554252,-0.394724226
69307,Osasuna,Barcelona,2.130617873,5.793654384,1.209527233,1.214063423,10.34786291,0.206337684,0.559450608,-0.353112924
69308,Barcelona,Villarreal,5.028458361,2.925082773,1.521386099,1.593532231,11.06845946,0.460823343,0.257753724,0.20306962
69312,Espanyol,Barcelona,3.258453056,4.550104911,1.241575014,1.225985055,10.27611804,0.315572776,0.444301521,-0.128728744
69314,Barcelona,Mallorca,5.862311314,2.439968534,1.532567225,1.180477398,11.01532447,0.500232336,0.253470369,0.246761966
69315,Getafe,Barcelona,2.330604069,5.596098633,1.326899504,1.070521617,10.32412382,0.200910626,0.566873918,-0.365963292
69316,Barcelona,Real Sociedad,5.482824157,2.4136155,1.842646235,1.45914645,11.19823234,0.455368688,0.249781858,0.20558683
69318,Granada,Barcelona,2.263782546,6.583793,0.971448786,0.877372237,10.69639657,0.202844573,0.624310206,-0.421465633
69319,Real Betis,Barcelona,3.373944385,5.116988718,1.234022518,1.137795529,10.86275115,0.301739159,0.479916702,-0.178177543
69320,Barcelona,Espanyol,4.852749058,3.036057423,1.422525811,1.50258686,10.81391915,0.456153781,0.27335107,0.182802711
69322,Racing Santander,Barcelona,2.162199153,6.217996146,1.148831144,1.056093861,10.5851203,0.195506693,0.596189108,-0.400682414
69323,Barcelona,Athletic Club,4.512550812,3.293168207,1.610785803,1.766944138,11.18344896,0.41746595,0.280504689,0.136961261
69324,Barcelona,Real Madrid,5.060391235,2.429667182,1.892198456,1.691257499,11.07351437,0.438835415,0.237558561,0.201276854
69325,Mallorca,Barcelona,3.023889559,4.815789126,1.356982272,1.336816324,10.53347728,0.285159737,0.459103385,-0.173943648
69326,Sevilla,Barcelona,3.485612262,5.089271837,0.907935928,0.969893519,10.45271355,0.339392239,0.480957813,-0.141565574
69327,Barcelona,Real Betis,5.492371899,2.81406594,1.353045419,1.206041975,10.86552523,0.491956748,0.272519673,0.219437075
69328,Barcelona,Valencia,5.249405676,2.386093691,1.764673128,1.605569828,11.00574232,0.462513316,0.23126082,0.231252496
69329,Barcelona,Sevilla,6.043102254,2.098892208,1.736987627,1.306339115,11.1853212,0.501769564,0.226148241,0.275621322
69330,Athletic Club,Barcelona,2.672718899,5.157777062,1.177478238,1.369971754,10.37794595,0.276086658,0.478445693,-0.202359035
69331,Barcelona,Real Zaragoza,5.690107808,2.474677332,1.296311228,1.305878957,10.76697533,0.529366453,0.228950985,0.300415468
69332,Barcelona,Rayo Vallecano,4.489749874,2.98714153,1.814044818,1.650805066,10.94174129,0.395413308,0.287923211,0.107490098
69333,Barcelona,Levante,6.011198555,2.402424097,1.334177903,1.203394026,10.95119458,0.536965592,0.231317959,0.305647633
69334,Real Madrid,Barcelona,3.41831235,4.542895261,1.065707218,1.357941165,10.38485599,0.357303587,0.409313458,-0.052009871
69335,Málaga,Barcelona,2.479721456,6.030899233,0.982326414,1.159545537,10.65249264,0.249419612,0.549512711,-0.300093099
69336,Osasuna,Barcelona,2.066031778,5.0969246,1.388066873,1.476287796,10.02731105,0.214838524,0.499506164,-0.28466764
69337,Atlético Madrid,Barcelona,2.525208337,4.943382626,1.496452821,1.375190465,10.34023425,0.232484673,0.48979983,-0.257315157
69338,Villarreal,Barcelona,2.565894356,4.485700611,1.248349968,1.604813329,9.904758264,0.29504584,0.416894299,-0.121848459
69340,Barcelona,Málaga,5.171316906,3.154898907,1.438762889,1.37047689,11.13545559,0.458268713,0.28945245,0.168816263
69343,Barcelona,Getafe,6.097212335,1.959985673,1.668051596,1.701394064,11.42664367,0.536514044,0.168609721,0.367904323
70219,Real Zaragoza,Barcelona,2.317264245,5.369153847,1.037615083,1.291307112,10.01534029,0.256701839,0.510762657,-0.254060818
70220,Barcelona,Osasuna,6.807268972,1.735857511,1.334879041,1.231414539,11.10942006,0.603434242,0.165564179,0.437870063
70221,Levante,Barcelona,2.284840233,5.498687832,1.450244983,1.107332189,10.34110524,0.187787223,0.564891324,-0.3771041
70223,Valencia,Barcelona,2.969892534,4.825056176,1.41472033,1.191585587,10.40125463,0.264079468,0.485344422,-0.221264954
70224,Rayo Vallecano,Barcelona,2.010317509,5.439758955,1.15491411,1.227446053,9.832436626,0.211834516,0.545869474,-0.334034958
70225,Barcelona,Granada,6.500276484,2.237010231,1.132191377,1.100946151,10.97042424,0.589679224,0.206760961,0.382918263
70256,Celta Vigo,Barcelona,2.466208398,5.379612068,1.310970697,1.324697067,10.48148823,0.236601398,0.511939295,-0.275337897
70259,Barcelona,Real Sociedad,6.326182981,2.251557823,1.30021626,1.117764634,10.9957217,0.558738346,0.221359681,0.337378665
70260,Barcelona,Osasuna,6.378875869,2.037255255,1.166706642,1.397277392,10.98011516,0.601946931,0.16454149,0.437405441
70262,Osasuna,Barcelona,2.547668734,5.099750132,1.151088789,1.285671271,10.08417893,0.265986079,0.49237203,-0.226385951
70263,Barcelona,Athletic Club,5.13714455,3.607576187,1.168584474,1.246813727,11.16011894,0.467322421,0.316246355,0.151076066
70264,Getafe,Barcelona,2.000652888,6.039052619,1.063569973,1.240577603,10.34385308,0.210527016,0.566717735,-0.356190719
70270,Barcelona,Granada,5.601962742,2.068608311,1.680400991,1.752692504,11.10366455,0.511025367,0.179789005,0.331236363
70271,Barcelona,Sevilla,5.558337545,2.939178993,1.438771,1.053881686,10.99016922,0.470734174,0.302458337,0.168275837
70272,Real Madrid,Barcelona,2.888094175,5.348185617,0.866187579,1.391367031,10.4938344,0.325264674,0.4596038,-0.134339125
70273,Barcelona,Athletic Club,5.139271056,2.955825696,1.5792001,1.491972485,11.16626934,0.452437899,0.272521934,0.179915966
70275,Sevilla,Barcelona,2.420235378,5.256728178,1.041244452,1.189810302,9.90801831,0.259264885,0.515558426,-0.256293541
70276,Rayo Vallecano,Barcelona,3.421138337,4.307546418,1.193536674,1.200309588,10.12253102,0.338641714,0.424871358,-0.086229645
70277,Barcelona,Levante,6.235369426,1.77449668,1.400092336,1.47689111,10.88684955,0.579797504,0.155940238,0.423857267
70280,Levante,Barcelona,2.254292884,6.760218992,0.737987191,0.909138666,10.66163773,0.227492663,0.618016451,-0.390523788
70281,Barcelona,Real Betis,6.031332458,2.57754031,1.280191736,0.999109528,10.88817403,0.528118878,0.262543794,0.265575084
70282,Valencia,Barcelona,3.247251846,4.89946185,1.140748232,1.184588725,10.47205065,0.314273913,0.463674357,-0.149400444
70283,Barcelona,Espanyol,5.531134963,2.104975429,1.895713641,1.563082024,11.09490606,0.468548658,0.219705064,0.248843594
70284,Atlético Madrid,Barcelona,3.580271018,4.645935145,1.392663841,1.150066254,10.76893626,0.309935295,0.453947597,-0.144012302
70286,Barcelona,Valencia,5.582899223,2.824586359,1.33979869,1.270904489,11.01818876,0.500445685,0.262609456,0.237836229
70287,Real Sociedad,Barcelona,3.124430869,5.424496336,0.75499374,1.083261474,10.38718242,0.33239992,0.490626659,-0.158226739
70288,Levante,Barcelona,2.319926902,5.815061297,1.050395115,1.109528283,10.2949116,0.231090869,0.559104182,-0.328013313
70289,Villarreal,Barcelona,2.220538432,5.459409184,1.25523316,1.005085173,9.940265949,0.198223111,0.574386762,-0.37616365
70291,Barcelona,Málaga,5.567349131,2.35067973,1.581712935,1.652619439,11.15236124,0.505566087,0.204420676,0.301145411
70292,Getafe,Barcelona,2.592731987,5.425704449,1.120515469,1.351581342,10.49053325,0.269175817,0.49517393,-0.225998113
70293,Barcelona,Real Madrid,4.073346056,3.624685146,1.456821922,1.365231995,10.52008512,0.378490866,0.353255229,0.025235638
70294,Granada,Barcelona,2.376708135,5.640342373,1.129683597,1.259310312,10.40604442,0.240853753,0.529568723,-0.288714971
70295,Real Betis,Barcelona,3.060597832,5.278864905,1.063858292,1.194986382,10.59830741,0.301154307,0.485713106,-0.1845588
70296,Barcelona,Atlético Madrid,5.982654325,2.416587923,1.455275971,1.405120776,11.25963899,0.526881824,0.219078349,0.307803475
70297,Barcelona,Getafe,6.026984063,2.10568525,1.612078176,1.584046557,11.32879405,0.529531424,0.188344572,0.341186852
70298,Valencia,Barcelona,3.132256297,4.974522009,1.329033226,1.053616427,10.48942796,0.272354175,0.500498104,-0.228143929
70300,Barcelona,Real Madrid,5.432884096,2.762914549,1.335338479,1.380478008,10.91161513,0.502036001,0.249071745,0.252964256
70301,Barcelona,Sevilla,5.254260055,2.851461294,1.287133122,1.561876876,10.95473135,0.504713775,0.235215037,0.269498738
70302,Rayo Vallecano,Barcelona,4.057621774,3.474164246,1.26650914,1.448791955,10.24708711,0.413766814,0.321250458,0.092516356
70303,Barcelona,Atlético Madrid,5.256497318,2.380216302,1.609775357,1.761062813,11.00755179,0.491279521,0.20249088,0.288788641
70304,RC Deportivo La Coruña,Barcelona,3.180274311,5.659387392,0.974617798,0.870756264,10.68503577,0.287917874,0.539375726,-0.251457853
70305,Barcelona,RC Deportivo La Coruña,5.844494119,2.36196824,1.527613774,1.626184622,11.36026076,0.523145119,0.199238155,0.323906964
70306,Espanyol,Barcelona,2.146256293,5.442270281,1.267511864,1.205153932,10.06119237,0.207122405,0.547114896,-0.339992491
70307,Barcelona,Rayo Vallecano,4.377896357,3.73661752,1.262996272,1.33127832,10.70878847,0.415189675,0.342553733,0.072635942
70308,Barcelona,Celta Vigo,5.893588126,2.984771263,1.283513702,0.990197057,11.15207015,0.502173265,0.293944341,0.208228924
70309,Barcelona,Real Zaragoza,5.328543736,3.344614555,1.366351145,1.06048122,11.09999066,0.452493517,0.328872753,0.123620765
9575,Barcelona,Real Betis,5.275030884,3.140759499,1.392594258,1.188110113,10.99649475,0.46110573,0.304209998,0.156895732
9581,Deportivo Alavés,Barcelona,2.381268096,5.641891484,0.944686481,1.133827027,10.10167309,0.254453754,0.539786914,-0.285333159
9592,Barcelona,Espanyol,5.912800085,2.123099348,1.26452817,1.501709179,10.80213678,0.569330052,0.174587526,0.394742526
9602,Getafe,Barcelona,2.849747553,5.097717767,1.252581604,1.140425527,10.34047245,0.2647453,0.50383325,-0.239087951
9609,Barcelona,Eibar,4.796831733,3.27382872,1.49160837,1.246457308,10.80872613,0.421111666,0.32556841,0.095543256
9620,Girona,Barcelona,3.367283182,4.464480509,1.253120119,1.280013047,10.36489686,0.327468392,0.428136203,-0.10066781
9636,Barcelona,Las Palmas,4.334455918,3.98632533,1.206618947,1.348092683,10.87549288,0.411561086,0.353533549,0.058027537
9642,Atlético Madrid,Barcelona,2.674345768,5.28765023,1.142551458,1.387988313,10.49253577,0.278272354,0.480552412,-0.202280059
9650,Barcelona,Málaga,4.885405288,3.256525126,1.439049012,1.440448945,11.02142837,0.443391279,0.29534513,0.148046149
9661,Athletic Club,Barcelona,3.341775836,4.295892258,0.977512597,1.417935662,10.03311635,0.376971498,0.384274343,-0.007302845
9673,Barcelona,Sevilla,4.609516359,3.768679483,1.319330676,1.294689369,10.99221589,0.417101984,0.345091547,0.072010436
9682,Leganés,Barcelona,2.78869875,4.789671603,1.356762832,1.409446354,10.34457954,0.274673539,0.457919828,-0.183246289
9695,Valencia,Barcelona,2.774936438,5.375147823,1.103763782,1.314034187,10.56788223,0.282479193,0.488733438,-0.206254245
9700,Barcelona,Celta Vigo,5.502582639,2.924615769,1.417909276,1.197817831,11.04292551,0.47835976,0.284771206,0.193588554
9717,Villarreal,Barcelona,2.804411674,5.721170633,0.990925726,0.968602281,10.48511031,0.265337049,0.547776218,-0.282439169
9726,Barcelona,RC Deportivo La Coruña,5.180165206,3.206256324,1.11770057,1.041576645,10.54569874,0.483992707,0.311252988,0.172739718
9736,Real Madrid,Barcelona,3.767390637,4.666493546,1.062538165,0.801369169,10.29779152,0.340482873,0.47851644,-0.138033568
9742,Barcelona,Levante,5.567060363,2.490382421,1.314170989,1.373485309,10.74509908,0.523622411,0.226249017,0.297373394
9754,Real Sociedad,Barcelona,4.299454651,4.159938152,0.935164211,1.11296606,10.50752307,0.426100087,0.378979544,0.047120543
9765,Real Betis,Barcelona,3.73133378,4.599439354,0.929941557,1.010130788,10.27084548,0.371101193,0.440007605,-0.068906412
9774,Barcelona,Deportivo Alavés,5.858506139,1.894495437,1.536974285,1.340786307,10.63076217,0.532635203,0.196663549,0.335971654
9783,Espanyol,Barcelona,2.254387485,5.048747808,1.473728551,1.519500499,10.29636434,0.223395303,0.485897322,-0.262502019
9794,Barcelona,Getafe,5.925135681,2.042059956,1.520297782,1.272215275,10.75970869,0.527621457,0.212844281,0.314777176
9799,Eibar,Barcelona,3.807725481,3.94246325,1.38780219,1.399392941,10.53738386,0.362453934,0.373040648,-0.010586714
9811,Barcelona,Girona,5.145032665,2.991422123,1.582952475,1.187432713,10.90683998,0.435461867,0.310533747,0.12492812
9827,Las Palmas,Barcelona,3.048148439,4.477191325,1.332656116,1.323662252,10.18165813,0.298493088,0.4406144,-0.142121312
9837,Barcelona,Atlético Madrid,4.515465379,3.041984437,1.912480801,1.711707841,11.18163846,0.385873004,0.290007355,0.095865648
9855,Barcelona,Athletic Club,4.790655372,2.926918236,1.678079852,1.407002225,10.80265568,0.418376543,0.296037933,0.12233861
9860,Sevilla,Barcelona,3.528304173,4.806091974,1.027000616,1.205242747,10.56663951,0.350778154,0.437967988,-0.087189833
9870,Barcelona,Leganés,5.043043904,2.798920467,1.629508267,1.388732009,10.86020465,0.442189425,0.279893135,0.16229629
9880,Barcelona,Valencia,4.918788545,3.554276207,1.096326009,1.090564251,10.65995501,0.460886259,0.333963695,0.126922564
9889,Celta Vigo,Barcelona,4.215248062,4.135289228,0.947567667,1.099771269,10.39787623,0.42003305,0.383067228,0.036965822
9912,RC Deportivo La Coruña,Barcelona,3.55247685,5.214002368,0.692080748,0.937694152,10.39625412,0.365332572,0.477901839,-0.112569267
9924,Barcelona,Real Madrid,4.129355246,4.326728897,1.198814788,1.061503725,10.71640266,0.372517188,0.416561425,-0.044044237
9928,Barcelona,Villarreal,4.647486745,3.930976821,1.112722037,1.15675419,10.84793979,0.432480175,0.358311785,0.07416839
9948,Barcelona,Real Sociedad,4.853258733,3.426846991,1.312358503,1.235242936,10.82770716,0.441103836,0.323610761,0.117493075
